image,ALB,BET,DOL,LAG,NoF,OTHER,SHARK,YFT
img_00005.jpg,0.449671,0.0575604,0.0344654,0.0222411,0.122459,0.08229,0.0487428,0.18257
img_00007.jpg,0.449958,0.0575296,0.034391,0.0221807,0.122428,0.0822293,0.0486655,0.182618
img_00009.jpg,0.45003,0.0575115,0.0343704,0.0221518,0.122417,0.0822122,0.0486504,0.182657
img_00018.jpg,0.449739,0.0575612,0.0344469,0.0222301,0.122448,0.0822732,0.0487155,0.182586
img_00027.jpg,0.449834,0.0575393,0.0344204,0.0221925,0.12246,0.0822373,0.0486915,0.182626
img_00030.jpg,0.449691,0.0575703,0.0344525,0.0222406,0.122436,0.082268,0.0487486,0.182592
img_00040.jpg,0.449693,0.057585,0.0344586,0.0222341,0.122467,0.0822472,0.0487306,0.182584
img_00046.jpg,0.449777,0.0575784,0.0344598,0.0222414,0.122448,0.0822511,0.0487275,0.182517
img_00053.jpg,0.449615,0.0575846,0.0344868,0.0222621,0.122435,0.0822668,0.0487659,0.182583
img_00071.jpg,0.449669,0.0575674,0.0344703,0.0222492,0.122462,0.0822717,0.0487452,0.182566
img_00075.jpg,0.449853,0.0575349,0.0344083,0.0222045,0.122435,0.082256,0.0486987,0.18261
img_00102.jpg,0.449756,0.0575706,0.0344439,0.0222167,0.12247,0.0822458,0.0487259,0.182571
img_00103.jpg,0.449961,0.0575279,0.0343981,0.0221617,0.122451,0.0821986,0.0486628,0.182639
img_00109.jpg,0.449439,0.0576362,0.0345107,0.0222902,0.122487,0.0822955,0.048785,0.182557
img_00119.jpg,0.449552,0.057614,0.0345117,0.0222725,0.122438,0.0822921,0.0487747,0.182545
img_00120.jpg,0.449885,0.0575219,0.0344024,0.0221844,0.122454,0.0822103,0.0486922,0.18265
img_00125.jpg,0.449826,0.0575451,0.0344268,0.0222191,0.122431,0.0822566,0.0487138,0.182582
img_00128.jpg,0.449783,0.0575527,0.034445,0.0222285,0.122472,0.082219,0.0487393,0.18256
img_00129.jpg,0.449664,0.0575839,0.034459,0.0222361,0.122479,0.0822518,0.0487334,0.182593
img_00133.jpg,0.449929,0.057534,0.0344069,0.0221789,0.122429,0.0822366,0.0486815,0.182604
img_00138.jpg,0.449889,0.0575366,0.0344107,0.0221963,0.122395,0.0822193,0.0486903,0.182663
img_00141.jpg,0.449714,0.0575685,0.0344602,0.022235,0.122466,0.0822245,0.0487565,0.182575
img_00152.jpg,0.449544,0.0576151,0.0345097,0.0222841,0.122472,0.0822809,0.0487774,0.182516
img_00161.jpg,0.449836,0.0575543,0.0344302,0.0222055,0.122433,0.0822251,0.0486981,0.182618
img_00164.jpg,0.449466,0.0576162,0.034535,0.0222985,0.122471,0.0822897,0.0487998,0.182524
img_00170.jpg,0.449693,0.057587,0.0344701,0.02225,0.122438,0.0822342,0.0487586,0.182569
img_00171.jpg,0.449685,0.0575841,0.0344637,0.0222506,0.122439,0.0822529,0.0487445,0.18258
img_00172.jpg,0.449575,0.0575962,0.0344825,0.0222754,0.122483,0.0823292,0.0487535,0.182505
img_00175.jpg,0.449663,0.05759,0.0344716,0.0222589,0.122444,0.08226,0.0487559,0.182557
img_00180.jpg,0.449867,0.0575441,0.0344216,0.0222042,0.122414,0.0822303,0.0487115,0.182607
img_00196.jpg,0.449557,0.0576008,0.0344982,0.0222555,0.122446,0.0822831,0.0487655,0.182594
img_00212.jpg,0.449788,0.0575654,0.034448,0.0222171,0.122437,0.0822501,0.0487173,0.182578
img_00223.jpg,0.449682,0.0575715,0.0344667,0.0222569,0.122414,0.0822704,0.0487576,0.182582
img_00230.jpg,0.450015,0.0575033,0.0343735,0.0221632,0.122411,0.0822225,0.0486528,0.182659
img_00232.jpg,0.449346,0.057663,0.0345631,0.0223447,0.12247,0.0823106,0.0488294,0.182474
img_00244.jpg,0.449855,0.057534,0.0344164,0.0221951,0.122447,0.0822361,0.0487027,0.182615
img_00272.jpg,0.44979,0.0575474,0.0344427,0.0222338,0.122403,0.0822449,0.0487274,0.182611
img_00280.jpg,0.449612,0.0576039,0.0344961,0.0222593,0.122467,0.0822466,0.0487703,0.182545
img_00282.jpg,0.449688,0.0575845,0.0344615,0.0222526,0.122439,0.0822551,0.048746,0.182573
img_00285.jpg,0.449999,0.0575061,0.0343723,0.0221503,0.122431,0.0822292,0.0486511,0.182662
img_00289.jpg,0.449659,0.0575776,0.0344837,0.0222493,0.12247,0.082248,0.0487535,0.182559
img_00292.jpg,0.449769,0.0575578,0.0344416,0.0222094,0.122465,0.0822521,0.0487181,0.182587
img_00302.jpg,0.449658,0.0575906,0.03446,0.0222384,0.122468,0.0822551,0.0487392,0.182592
img_00311.jpg,0.449761,0.0575564,0.0344497,0.0222309,0.122456,0.0822558,0.0487232,0.182567
img_00320.jpg,0.44951,0.0576121,0.034499,0.0222785,0.12247,0.0822751,0.0487905,0.182565
img_00331.jpg,0.449394,0.0576414,0.0345378,0.0223036,0.122515,0.082298,0.0488028,0.182507
img_00358.jpg,0.449592,0.057581,0.0344682,0.0222444,0.122509,0.0822782,0.048745,0.182582
img_00374.jpg,0.449897,0.0575193,0.0344073,0.0222015,0.122444,0.0822177,0.0487009,0.182612
img_00375.jpg,0.449823,0.0575492,0.03441,0.0222069,0.122409,0.0822376,0.0487049,0.18266
img_00376.jpg,0.449768,0.0575511,0.0344354,0.0222151,0.122455,0.0822515,0.0487165,0.182607
img_00380.jpg,0.449726,0.0575624,0.0344446,0.0222369,0.122437,0.0822442,0.0487341,0.182615
img_00383.jpg,0.449713,0.0575711,0.0344675,0.0222476,0.122441,0.0822688,0.048739,0.182551
img_00398.jpg,0.449631,0.0575921,0.0344848,0.0222628,0.122467,0.0822858,0.0487634,0.182513
img_00407.jpg,0.449736,0.0575753,0.0344515,0.0222432,0.122408,0.082249,0.0487387,0.182599
img_00417.jpg,0.449823,0.0575456,0.0344394,0.0222122,0.122439,0.0822474,0.0487078,0.182586
img_00432.jpg,0.449774,0.057553,0.0344297,0.0222127,0.122456,0.082252,0.0487244,0.182598
img_00442.jpg,0.449343,0.0576475,0.0345581,0.0223305,0.122505,0.0822998,0.0488153,0.182501
img_00446.jpg,0.44989,0.0575263,0.0344235,0.02219,0.122444,0.0822457,0.0486906,0.182591
img_00469.jpg,0.449952,0.0575202,0.0344004,0.0221758,0.122445,0.0822358,0.0486728,0.182598
img_00473.jpg,0.449934,0.057537,0.0343922,0.022173,0.122454,0.0822256,0.04865,0.182634
img_00483.jpg,0.449616,0.0575817,0.0344855,0.0222626,0.122446,0.0822442,0.0487519,0.182612
img_00484.jpg,0.449719,0.0575707,0.034465,0.0222335,0.122461,0.0822552,0.048729,0.182567
img_00486.jpg,0.44977,0.0575574,0.0344269,0.0222205,0.122417,0.0822415,0.048713,0.182653
img_00487.jpg,0.449931,0.0575548,0.0344241,0.0221993,0.122447,0.0822225,0.0486874,0.182534
img_00493.jpg,0.449512,0.0575942,0.0344923,0.0222649,0.122483,0.0822699,0.0487873,0.182596
img_00518.jpg,0.449688,0.0575809,0.0344572,0.0222304,0.122479,0.0822649,0.048727,0.182572
img_00533.jpg,0.449849,0.0575521,0.034417,0.0221917,0.122453,0.0822263,0.0486949,0.182616
img_00538.jpg,0.449815,0.0575386,0.0344218,0.0222024,0.122435,0.0822687,0.0486997,0.182619
img_00543.jpg,0.44977,0.0575528,0.034447,0.022229,0.12246,0.0822531,0.0487193,0.182569
img_00550.jpg,0.449697,0.0575622,0.0344492,0.0222208,0.122463,0.0822704,0.048739,0.182599
img_00551.jpg,0.449815,0.0575636,0.0344393,0.0222257,0.122419,0.0822193,0.0487244,0.182595
img_00564.jpg,0.44968,0.0575725,0.0344565,0.0222312,0.122476,0.0822844,0.0487388,0.18256
img_00575.jpg,0.449624,0.0575976,0.0344806,0.0222472,0.122483,0.0822683,0.0487512,0.182549
img_00582.jpg,0.449888,0.0575244,0.0344073,0.0221853,0.122458,0.0822313,0.0486786,0.182627
img_00584.jpg,0.449561,0.0575888,0.0345135,0.0222703,0.122459,0.0822631,0.0487816,0.182563
img_00587.jpg,0.449815,0.0575427,0.0344177,0.0221925,0.122462,0.0822424,0.0486935,0.182634
img_00590.jpg,0.449937,0.0575231,0.0343869,0.0221651,0.122459,0.0822216,0.0486629,0.182644
img_00591.jpg,0.449939,0.0575181,0.034397,0.02217,0.122464,0.0822185,0.0486773,0.182615
img_00598.jpg,0.449732,0.0575503,0.0344508,0.0222315,0.122431,0.0822751,0.0487357,0.182594
img_00599.jpg,0.449887,0.0575328,0.0343874,0.0221708,0.122465,0.0822177,0.0486748,0.182664
img_00612.jpg,0.449401,0.0576293,0.0345186,0.0222964,0.122485,0.0823011,0.0487995,0.182569
img_00618.jpg,0.44953,0.0576032,0.0345202,0.0222788,0.122465,0.0822888,0.0487809,0.182533
img_00620.jpg,0.449774,0.057566,0.0344357,0.0222294,0.122412,0.0822543,0.0487201,0.182608
img_00642.jpg,0.449719,0.057564,0.0344563,0.0222464,0.122448,0.0822733,0.0487237,0.18257
img_00646.jpg,0.449461,0.057641,0.0345251,0.0223036,0.122474,0.0822921,0.0487938,0.18251
img_00648.jpg,0.449753,0.0575527,0.0344492,0.0222326,0.122453,0.0822607,0.0487242,0.182574
img_00650.jpg,0.449512,0.0576165,0.0344989,0.0222722,0.122484,0.0822689,0.0487732,0.182574
img_00654.jpg,0.449726,0.0575728,0.0344569,0.0222371,0.122422,0.0822529,0.0487276,0.182605
img_00664.jpg,0.449579,0.0575946,0.034485,0.0222692,0.122458,0.0822607,0.0487654,0.182588
img_00667.jpg,0.44964,0.0575822,0.034485,0.0222436,0.122448,0.0822774,0.0487514,0.182572
img_00676.jpg,0.449562,0.057613,0.0345028,0.0222651,0.122449,0.0822951,0.0487723,0.182541
img_00697.jpg,0.449763,0.0575635,0.0344441,0.0222283,0.122458,0.0822319,0.0487464,0.182565
img_00708.jpg,0.449456,0.0576162,0.0345154,0.0222794,0.122497,0.0822916,0.0487854,0.182558
img_00716.jpg,0.449695,0.0575709,0.0344627,0.0222268,0.122488,0.0822411,0.0487443,0.182571
img_00717.jpg,0.449871,0.0575217,0.0344286,0.0222121,0.12244,0.0822374,0.0487049,0.182585
img_00718.jpg,0.44977,0.0575796,0.0344503,0.0222328,0.122433,0.0822191,0.048733,0.182582
img_00723.jpg,0.449757,0.0575569,0.0344597,0.0222434,0.122469,0.0822492,0.0487338,0.182531
img_00724.jpg,0.44965,0.0575831,0.0344687,0.0222437,0.122465,0.0822607,0.0487528,0.182576
img_00726.jpg,0.449784,0.0575592,0.0344431,0.0222224,0.12246,0.0822533,0.0487291,0.182549
img_00729.jpg,0.449846,0.0575506,0.0344245,0.0222015,0.122434,0.0822519,0.0486954,0.182596
img_00730.jpg,0.449818,0.0575519,0.0344196,0.022195,0.122474,0.0822243,0.0487004,0.182616
img_00757.jpg,0.449767,0.057567,0.0344527,0.0222308,0.12242,0.0822382,0.0487312,0.182593
img_00760.jpg,0.449771,0.0575516,0.0344511,0.0222331,0.122434,0.0822572,0.0487236,0.182578
img_00763.jpg,0.449622,0.0575879,0.034487,0.0222634,0.122461,0.0822103,0.0487959,0.182573
img_00764.jpg,0.450116,0.0574875,0.0343398,0.0221207,0.122423,0.0821771,0.048615,0.182721
img_00765.jpg,0.44961,0.0575913,0.0344746,0.0222452,0.122506,0.0822582,0.0487576,0.182557
img_00772.jpg,0.449718,0.0575658,0.0344513,0.0222389,0.122449,0.0822149,0.0487523,0.18261
img_00773.jpg,0.449804,0.0575425,0.0344307,0.0222178,0.122404,0.0822454,0.0487274,0.182629
img_00777.jpg,0.449954,0.0575111,0.034398,0.0221758,0.122443,0.0822285,0.0486701,0.18262
img_00780.jpg,0.449614,0.0576071,0.034497,0.0222786,0.122462,0.0822541,0.0487651,0.182522
img_00798.jpg,0.449992,0.0575039,0.0343798,0.022169,0.122442,0.0822051,0.0486585,0.182649
img_00808.jpg,0.449777,0.0575462,0.0344436,0.0222234,0.122438,0.0822597,0.0487258,0.182587
img_00816.jpg,0.44957,0.0576066,0.0345045,0.0222756,0.122461,0.0822631,0.0487857,0.182533
img_00828.jpg,0.449557,0.0575943,0.0345061,0.0222756,0.122454,0.0822758,0.0487858,0.182551
img_00833.jpg,0.449467,0.0576213,0.0345232,0.0222936,0.12249,0.0822777,0.0487983,0.182528
img_00837.jpg,0.449849,0.0575292,0.0344212,0.0222028,0.12244,0.082237,0.0486987,0.182622
img_00855.jpg,0.44987,0.0575331,0.0344116,0.0221998,0.122431,0.0822315,0.0487005,0.182622
img_00857.jpg,0.449555,0.0576032,0.0344938,0.0222713,0.122474,0.0822696,0.0487797,0.182553
img_00858.jpg,0.449727,0.0575679,0.0344491,0.022236,0.122446,0.0822426,0.0487408,0.18259
img_00865.jpg,0.449774,0.0575448,0.0344546,0.0222347,0.12245,0.0822543,0.0487265,0.182561
img_00876.jpg,0.449544,0.0576165,0.0345082,0.022274,0.122443,0.0822956,0.048784,0.182534
img_00889.jpg,0.449602,0.0576129,0.0344856,0.0222673,0.12248,0.0822405,0.0487485,0.182563
img_00894.jpg,0.449537,0.0576083,0.0345101,0.0222778,0.122471,0.0822566,0.048794,0.182546
img_00902.jpg,0.449343,0.0576622,0.0345642,0.0223468,0.12247,0.0823099,0.0488298,0.182474
img_00914.jpg,0.449988,0.0575069,0.0343743,0.0221544,0.12244,0.0822163,0.0486496,0.18267
img_00921.jpg,0.449849,0.0575388,0.0344095,0.0221937,0.122458,0.0822582,0.0486791,0.182614
img_00927.jpg,0.449987,0.057516,0.034384,0.022163,0.122448,0.0822157,0.048664,0.182623
img_00943.jpg,0.449669,0.0575786,0.0344734,0.0222516,0.122457,0.0822343,0.0487423,0.182593
img_00948.jpg,0.449703,0.0575899,0.03448,0.0222335,0.12247,0.0822449,0.0487269,0.182552
img_00950.jpg,0.449699,0.05756,0.034456,0.022235,0.122461,0.0822745,0.0487237,0.182591
img_00959.jpg,0.449979,0.05752,0.0343671,0.0221454,0.122427,0.0822333,0.04866,0.182669
img_00962.jpg,0.449666,0.0575947,0.0344613,0.0222441,0.12248,0.0822362,0.0487425,0.182575
img_00964.jpg,0.449645,0.0575917,0.0344644,0.0222526,0.122478,0.0822508,0.0487688,0.182549
img_00966.jpg,0.449697,0.0575637,0.0344592,0.022246,0.12245,0.0822497,0.0487311,0.182604
img_00974.jpg,0.450065,0.057484,0.0343749,0.022166,0.122415,0.0821991,0.0486609,0.182636
img_00979.jpg,0.449691,0.0575731,0.0344685,0.0222458,0.122453,0.0822262,0.0487509,0.182592
img_00982.jpg,0.449684,0.0575696,0.0344786,0.0222554,0.122455,0.0822621,0.0487533,0.182542
img_00985.jpg,0.449768,0.0575552,0.0344432,0.0222105,0.122472,0.082251,0.0487189,0.182581
img_00999.jpg,0.449789,0.0575594,0.0344234,0.022207,0.122481,0.0822393,0.0487095,0.182591
img_01022.jpg,0.449797,0.0575683,0.034446,0.0222347,0.122425,0.0822158,0.04873,0.182583
img_01031.jpg,0.449941,0.0575182,0.0344002,0.0221984,0.122421,0.0822069,0.0486855,0.182629
img_01035.jpg,0.449943,0.0575116,0.0344004,0.0221801,0.122436,0.0822364,0.048677,0.182616
img_01043.jpg,0.449681,0.0575741,0.03446,0.0222368,0.122485,0.082266,0.0487349,0.182563
img_01058.jpg,0.449729,0.0575731,0.034462,0.02223,0.122447,0.0822384,0.0487162,0.182604
img_01059.jpg,0.449659,0.0575881,0.0344513,0.0222321,0.12246,0.0822641,0.0487378,0.182608
img_01090.jpg,0.449704,0.0575599,0.0344717,0.0222397,0.122419,0.0822391,0.0487501,0.182617
img_01102.jpg,0.449625,0.0576142,0.034475,0.0222581,0.12247,0.0822611,0.0487452,0.182551
img_01103.jpg,0.449736,0.057565,0.034457,0.0222397,0.122415,0.0822567,0.0487143,0.182617
img_01116.jpg,0.450031,0.057491,0.0343714,0.0221512,0.122429,0.0822254,0.0486458,0.182655
img_01134.jpg,0.449808,0.0575672,0.034441,0.0222251,0.122422,0.0822228,0.0487204,0.182593
img_01142.jpg,0.449818,0.0575485,0.034434,0.0222126,0.1224,0.082227,0.0487074,0.182653
img_01168.jpg,0.449629,0.0575914,0.0344804,0.0222537,0.122491,0.0822648,0.0487457,0.182544
img_01171.jpg,0.449643,0.0575785,0.0344764,0.0222595,0.122425,0.0822017,0.0487896,0.182626
img_01177.jpg,0.44982,0.057545,0.0344254,0.0222082,0.122402,0.0822316,0.0487056,0.182662
img_01179.jpg,0.449801,0.0575675,0.0344334,0.0222215,0.122416,0.0822415,0.0487173,0.182602
img_01188.jpg,0.449603,0.0575927,0.0344776,0.0222494,0.122514,0.0822647,0.0487622,0.182537
img_01198.jpg,0.44983,0.0575467,0.0344322,0.0222346,0.12243,0.0822101,0.0487255,0.182591
img_01204.jpg,0.449628,0.0575842,0.0344878,0.0222454,0.12245,0.0822773,0.0487516,0.182575
img_01208.jpg,0.449479,0.057626,0.0345173,0.0222929,0.122483,0.0823065,0.048781,0.182514
img_01211.jpg,0.449649,0.0575807,0.0344869,0.0222573,0.122467,0.0822668,0.0487636,0.182528
img_01213.jpg,0.449671,0.0575828,0.0344715,0.0222463,0.122454,0.0822791,0.0487277,0.182568
img_01222.jpg,0.449886,0.057525,0.0344087,0.0221859,0.122454,0.0822313,0.0486857,0.182623
img_01224.jpg,0.449614,0.0575854,0.0344814,0.0222625,0.122456,0.0822447,0.0487677,0.182589
img_01237.jpg,0.449878,0.0575419,0.0344209,0.0222028,0.12245,0.082256,0.0486996,0.18255
img_01249.jpg,0.449805,0.0575572,0.0344358,0.0222146,0.122424,0.08224,0.0487191,0.182604
img_01253.jpg,0.44983,0.0575566,0.0344245,0.0221979,0.122437,0.082231,0.0487014,0.182622
img_01286.jpg,0.449778,0.0575628,0.0344453,0.0222268,0.122444,0.0822622,0.0487182,0.182563
img_01289.jpg,0.44968,0.0575767,0.0344489,0.0222195,0.122468,0.082257,0.0487243,0.182625
img_01325.jpg,0.449658,0.0576009,0.0344878,0.0222698,0.122455,0.0822727,0.0487437,0.182513
img_01328.jpg,0.449704,0.0575754,0.0344695,0.0222412,0.122458,0.082272,0.0487181,0.182562
img_01366.jpg,0.449657,0.0575896,0.0344703,0.0222595,0.122447,0.0822623,0.048756,0.182559
img_01371.jpg,0.449929,0.0575476,0.0343922,0.022181,0.122425,0.0822341,0.0486697,0.182621
img_01373.jpg,0.449725,0.0575696,0.0344662,0.0222501,0.122425,0.0822411,0.0487404,0.182584
img_01377.jpg,0.449706,0.0575771,0.0344543,0.0222443,0.122397,0.0822481,0.0487341,0.182639
img_01379.jpg,0.449752,0.0575629,0.0344586,0.0222401,0.12241,0.0822385,0.0487376,0.182601
img_01384.jpg,0.449735,0.0575623,0.0344477,0.0222214,0.122455,0.0822618,0.0487308,0.182585
img_01388.jpg,0.44984,0.057513,0.0344229,0.022203,0.122464,0.082256,0.0486878,0.182613
img_01392.jpg,0.449743,0.0575616,0.0344446,0.0222342,0.122484,0.0822299,0.0487518,0.182551
img_01399.jpg,0.449593,0.0576004,0.0344699,0.022246,0.122493,0.0822486,0.048765,0.182584
img_01404.jpg,0.449758,0.0575476,0.0344509,0.0222284,0.122454,0.0822507,0.0487161,0.182594
img_01405.jpg,0.449913,0.0575139,0.0343998,0.0221781,0.12245,0.0822396,0.0486812,0.182624
img_01413.jpg,0.449749,0.057575,0.0344636,0.0222485,0.122417,0.0822247,0.0487446,0.182577
img_01426.jpg,0.449974,0.0575087,0.0343763,0.0221605,0.122402,0.0822239,0.048666,0.182689
img_01431.jpg,0.449786,0.0575523,0.0344506,0.0222289,0.122429,0.0822584,0.0487232,0.182571
img_01441.jpg,0.449816,0.0575546,0.0344347,0.0222022,0.122428,0.082239,0.0486988,0.182627
img_01444.jpg,0.449726,0.0575744,0.034441,0.0222151,0.122483,0.0822428,0.0487156,0.182602
img_01490.jpg,0.449779,0.0575499,0.0344386,0.0222219,0.122459,0.0822219,0.0487282,0.182601
img_01495.jpg,0.449792,0.0575414,0.0344375,0.0222217,0.122438,0.082232,0.0487271,0.182611
img_01505.jpg,0.449614,0.0575901,0.0344917,0.0222488,0.122443,0.0822901,0.0487552,0.182566
img_01511.jpg,0.449605,0.0575908,0.0344819,0.0222623,0.122425,0.0822693,0.048771,0.182595
img_01519.jpg,0.449737,0.0575723,0.0344356,0.022219,0.12247,0.0822583,0.0487191,0.182589
img_01530.jpg,0.449637,0.0576076,0.0344881,0.0222586,0.122457,0.0822338,0.0487617,0.182556
img_01537.jpg,0.44972,0.0575731,0.0344629,0.0222349,0.122407,0.0822431,0.0487443,0.182614
img_01538.jpg,0.449832,0.0575384,0.0344244,0.0222074,0.122451,0.0822432,0.0487038,0.1826
img_01541.jpg,0.449537,0.0576107,0.0345157,0.0222816,0.122448,0.0823095,0.0487752,0.182523
img_01543.jpg,0.449423,0.0576379,0.034539,0.0222997,0.122466,0.0823055,0.0488087,0.182521
img_01548.jpg,0.449479,0.0576276,0.0345258,0.0222974,0.122466,0.0822856,0.0488017,0.182517
img_01552.jpg,0.449491,0.0576108,0.0344977,0.0222846,0.12248,0.0822843,0.0488009,0.182551
img_01561.jpg,0.449456,0.0576231,0.0345227,0.0223112,0.122486,0.0823079,0.0488057,0.182487
img_01562.jpg,0.449902,0.0575262,0.0343996,0.0221836,0.122449,0.0822096,0.0486943,0.182636
img_01571.jpg,0.449567,0.0575943,0.034492,0.0222674,0.122448,0.0822534,0.0487619,0.182616
img_01593.jpg,0.449781,0.0575605,0.034421,0.0222008,0.122465,0.0822431,0.0487018,0.182627
img_01595.jpg,0.449529,0.0576135,0.0345087,0.0222839,0.122456,0.0823044,0.048791,0.182513
img_01616.jpg,0.449669,0.0575877,0.0344744,0.0222502,0.122437,0.0822609,0.0487497,0.182571
img_01618.jpg,0.449841,0.0575381,0.0344291,0.0222053,0.122454,0.0822535,0.0487073,0.182571
img_01627.jpg,0.44979,0.0575493,0.0344328,0.0222151,0.12245,0.0822529,0.0487006,0.182609
img_01632.jpg,0.449434,0.0576265,0.0345225,0.0222963,0.122476,0.0822836,0.048809,0.182552
img_01633.jpg,0.449627,0.0575942,0.0344728,0.0222411,0.122477,0.0822568,0.0487513,0.182579
img_01640.jpg,0.449734,0.0575587,0.0344522,0.022234,0.122462,0.082256,0.048726,0.182577
img_01646.jpg,0.449926,0.0575218,0.0343992,0.0221861,0.122419,0.0822274,0.0486805,0.18264
img_01647.jpg,0.449924,0.0575256,0.0344193,0.022191,0.122431,0.0822474,0.0486617,0.1826
img_01649.jpg,0.449779,0.0575657,0.0344406,0.0222205,0.122421,0.0822657,0.0487062,0.182601
img_01657.jpg,0.449769,0.0575682,0.0344375,0.0222338,0.122471,0.0822167,0.0487219,0.182582
img_01669.jpg,0.449793,0.0575523,0.0344497,0.0222303,0.122424,0.0822609,0.0487202,0.182569
img_01673.jpg,0.449416,0.0576498,0.0345434,0.022309,0.122446,0.0822838,0.0488094,0.182543
img_01681.jpg,0.449869,0.0575477,0.0344138,0.0221812,0.122414,0.0822356,0.0486875,0.182652
img_01684.jpg,0.449743,0.0575693,0.0344504,0.02223,0.122477,0.0822481,0.0487141,0.182568
img_01685.jpg,0.449628,0.0575825,0.0344687,0.0222404,0.122474,0.0822864,0.0487472,0.182573
img_01687.jpg,0.44986,0.0575324,0.0344045,0.0221862,0.122461,0.0822225,0.0486917,0.182641
img_01688.jpg,0.449746,0.0575724,0.0344376,0.0222091,0.122467,0.0822318,0.0487123,0.182623
img_01689.jpg,0.449648,0.0575926,0.034484,0.0222587,0.122463,0.0822637,0.0487491,0.18254
img_01716.jpg,0.449564,0.0576021,0.0345052,0.0222718,0.122446,0.0822983,0.0487735,0.182539
img_01717.jpg,0.449768,0.0575562,0.0344603,0.0222444,0.122461,0.0822465,0.0487312,0.182533
img_01724.jpg,0.449693,0.0575753,0.0344686,0.0222381,0.122417,0.0822403,0.0487523,0.182615
img_01745.jpg,0.449664,0.0575841,0.0344619,0.0222471,0.122419,0.0822633,0.0487441,0.182617
img_01771.jpg,0.449748,0.0575583,0.0344533,0.0222274,0.122458,0.082277,0.0487104,0.182567
img_01773.jpg,0.449844,0.0575239,0.0344086,0.0221911,0.122459,0.0822257,0.0487008,0.182646
img_01781.jpg,0.449809,0.0575693,0.0344332,0.0222157,0.122417,0.0822387,0.0487179,0.1826
img_01782.jpg,0.449563,0.0576069,0.034507,0.0222766,0.122452,0.0822817,0.0487834,0.18253
img_01802.jpg,0.449216,0.057684,0.0345919,0.0223565,0.122468,0.0823111,0.0488616,0.182511
img_01803.jpg,0.449651,0.0575895,0.0344637,0.0222448,0.122485,0.0822392,0.0487537,0.182573
img_01824.jpg,0.449602,0.057598,0.0344691,0.0222464,0.122477,0.0822726,0.0487527,0.182583
img_01825.jpg,0.449721,0.0575842,0.0344503,0.022238,0.122444,0.082263,0.0487132,0.182586
img_01831.jpg,0.449672,0.0575934,0.0344754,0.0222543,0.122441,0.0822376,0.0487618,0.182564
img_01834.jpg,0.449585,0.0575829,0.0344931,0.0222737,0.122444,0.0822462,0.0487817,0.182593
img_01847.jpg,0.449738,0.0575758,0.0344527,0.0222259,0.122466,0.0822485,0.0487255,0.182567
img_01853.jpg,0.45,0.0575106,0.0343818,0.022159,0.122456,0.0822105,0.0486606,0.182621
img_01856.jpg,0.450049,0.0575019,0.0343525,0.0221322,0.122427,0.0822245,0.0486291,0.182684
img_01860.jpg,0.449696,0.0575634,0.0344432,0.0222174,0.12249,0.0822444,0.0487306,0.182615
img_01862.jpg,0.449703,0.0575765,0.0344685,0.0222371,0.122415,0.0822355,0.0487501,0.182614
img_01874.jpg,0.449416,0.0576382,0.0345341,0.0223045,0.122501,0.0822885,0.0487979,0.18252
img_01888.jpg,0.449576,0.0575936,0.0344799,0.0222499,0.122511,0.0822645,0.0487596,0.182565
img_01918.jpg,0.449727,0.0575841,0.0344658,0.022246,0.122446,0.0822757,0.0487141,0.182542
img_01930.jpg,0.449755,0.0575641,0.0344394,0.0222358,0.122429,0.0822485,0.0487339,0.182594
img_01932.jpg,0.449945,0.0575223,0.0344013,0.0221759,0.122448,0.0822352,0.0486736,0.182599
img_01955.jpg,0.449629,0.0575914,0.034481,0.0222573,0.122458,0.0822556,0.0487538,0.182574
img_01963.jpg,0.449781,0.0575516,0.034419,0.0222093,0.122459,0.0822362,0.0486987,0.182645
img_01966.jpg,0.449856,0.057543,0.0344291,0.0222119,0.122436,0.0822487,0.0486823,0.182593
img_01976.jpg,0.449621,0.0575955,0.0344878,0.0222566,0.122455,0.0822384,0.0487574,0.182588
img_01983.jpg,0.449417,0.0576176,0.0345279,0.022301,0.122485,0.0823056,0.0487992,0.182546
img_01984.jpg,0.449901,0.0575343,0.0344161,0.0221973,0.122441,0.0822241,0.048679,0.182607
img_01995.jpg,0.449691,0.0575771,0.0344552,0.0222271,0.122481,0.0822544,0.0487467,0.182568
img_01996.jpg,0.449586,0.0575946,0.0344803,0.0222531,0.122506,0.0822651,0.0487552,0.182561
img_02001.jpg,0.449745,0.0575545,0.034434,0.0222126,0.122473,0.0822739,0.0487097,0.182597
img_02006.jpg,0.449705,0.0575684,0.0344464,0.0222329,0.122421,0.0822579,0.0487435,0.182626
img_02066.jpg,0.449726,0.0575629,0.0344598,0.0222424,0.122408,0.0822441,0.0487455,0.182611
img_02074.jpg,0.449755,0.0575716,0.0344461,0.0222378,0.122405,0.0822503,0.0487394,0.182595
img_02076.jpg,0.44968,0.0575912,0.0344828,0.0222774,0.122422,0.0822544,0.0487451,0.182547
img_02077.jpg,0.44969,0.0575884,0.0344655,0.0222475,0.122445,0.0822472,0.0487516,0.182565
img_02078.jpg,0.449297,0.0576585,0.0345621,0.0223277,0.122526,0.0822922,0.0488039,0.182532
img_02082.jpg,0.449577,0.0576057,0.0344906,0.0222767,0.122471,0.0822841,0.048777,0.182517
img_02083.jpg,0.450087,0.0575012,0.0343497,0.0221264,0.122424,0.0822224,0.0486264,0.182663
img_02096.jpg,0.449785,0.0575535,0.0344359,0.0222225,0.122438,0.0822485,0.0487317,0.182584
img_02119.jpg,0.449675,0.0575737,0.034464,0.0222549,0.122426,0.0822642,0.0487597,0.182583
img_02124.jpg,0.449486,0.057617,0.0345019,0.0222718,0.122522,0.0822752,0.0487736,0.182553
img_02135.jpg,0.449611,0.0575957,0.034492,0.0222709,0.122455,0.0822754,0.0487671,0.182533
img_02146.jpg,0.449567,0.0576197,0.0345083,0.0222751,0.122478,0.0822638,0.0487691,0.182519
img_02159.jpg,0.449787,0.0575607,0.0344362,0.0222197,0.122402,0.0822406,0.0487224,0.182631
img_02172.jpg,0.449711,0.057574,0.0344638,0.0222362,0.122402,0.0822454,0.0487424,0.182625
img_02180.jpg,0.449664,0.0575829,0.0344629,0.0222388,0.122492,0.0822324,0.0487365,0.182591
img_02188.jpg,0.449672,0.057568,0.034447,0.0222226,0.122484,0.0822439,0.0487262,0.182636
img_02194.jpg,0.449628,0.0575826,0.0344994,0.0222617,0.122453,0.0822693,0.0487619,0.182544
img_02209.jpg,0.449589,0.0575922,0.0344758,0.0222499,0.122493,0.082277,0.0487481,0.182575
img_02216.jpg,0.449862,0.0575507,0.0344143,0.0221963,0.122416,0.0822388,0.0486817,0.18264
img_02231.jpg,0.449838,0.0575434,0.0344176,0.0221971,0.12243,0.0822564,0.0486867,0.182631
img_02235.jpg,0.449769,0.0575582,0.0344375,0.0222072,0.122483,0.082234,0.0487209,0.18259
img_02252.jpg,0.449528,0.0576224,0.0345106,0.0222975,0.122419,0.0822766,0.0487821,0.182563
img_02268.jpg,0.449744,0.0575727,0.0344588,0.0222401,0.122415,0.0822476,0.0487335,0.182588
img_02270.jpg,0.449582,0.0575976,0.0344893,0.0222731,0.122433,0.0822603,0.0487705,0.182594
img_02281.jpg,0.449982,0.0575097,0.0343862,0.0221667,0.122409,0.0822244,0.048665,0.182656
img_02282.jpg,0.449456,0.0576408,0.0345378,0.0223062,0.122488,0.0822886,0.0487915,0.182491
img_02285.jpg,0.449938,0.0575278,0.0344003,0.0221807,0.122425,0.082244,0.0486907,0.182593
img_02291.jpg,0.449638,0.0576002,0.0344732,0.022267,0.122445,0.0822689,0.0487723,0.182536
img_02299.jpg,0.449884,0.0575272,0.0344088,0.0221882,0.122451,0.0822328,0.0486889,0.182619
img_02305.jpg,0.449798,0.0575553,0.0344228,0.022196,0.122486,0.0822254,0.0487175,0.182599
img_02307.jpg,0.449709,0.0575768,0.0344491,0.0222163,0.122477,0.0822513,0.0487256,0.182595
img_02309.jpg,0.449801,0.0575519,0.0344431,0.0222232,0.122455,0.0822523,0.0487154,0.182558
img_02318.jpg,0.449911,0.0575439,0.0344066,0.0221824,0.122438,0.0822487,0.048681,0.182589
img_02347.jpg,0.449801,0.0575534,0.0344432,0.0222451,0.122431,0.0822175,0.0487319,0.182577
img_02356.jpg,0.449911,0.0575397,0.0344072,0.0221927,0.122416,0.0822201,0.0486988,0.182615
img_02367.jpg,0.449796,0.0575539,0.0344278,0.0222068,0.122429,0.0822585,0.0487078,0.18262
img_02372.jpg,0.449857,0.0575422,0.0344029,0.0221867,0.122459,0.0822654,0.0486883,0.182598
img_02379.jpg,0.450001,0.057514,0.0343714,0.0221473,0.12244,0.0822279,0.048631,0.182668
img_02384.jpg,0.449623,0.0575972,0.0344862,0.0222483,0.122483,0.0822682,0.0487529,0.182541
img_02398.jpg,0.449664,0.0575948,0.0344698,0.0222592,0.122432,0.0822487,0.0487533,0.182578
img_02400.jpg,0.449865,0.057536,0.0344131,0.022209,0.122395,0.0822347,0.0487063,0.182641
img_02406.jpg,0.449694,0.0575853,0.0344643,0.0222476,0.12245,0.0822432,0.0487543,0.182561
img_02412.jpg,0.449926,0.057544,0.0344017,0.022182,0.12243,0.0822315,0.04868,0.182604
img_02416.jpg,0.449672,0.0575749,0.0344853,0.0222611,0.12245,0.0822767,0.0487617,0.182518
img_02422.jpg,0.449789,0.0575547,0.0344272,0.022197,0.122475,0.0822331,0.0486941,0.18263
img_02479.jpg,0.449842,0.057547,0.0344434,0.0222182,0.122471,0.0822156,0.0487156,0.182547
img_02486.jpg,0.449569,0.0575939,0.0344965,0.0222785,0.122439,0.0822735,0.0487613,0.182588
img_02487.jpg,0.449678,0.057567,0.0344739,0.022248,0.122438,0.0822476,0.0487394,0.182608
img_02507.jpg,0.449665,0.0575725,0.0344615,0.0222434,0.122466,0.0822869,0.0487449,0.182559
img_02522.jpg,0.449946,0.0575064,0.0343966,0.0221819,0.122447,0.0822277,0.0486665,0.182627
img_02540.jpg,0.449774,0.0575527,0.0344252,0.0222054,0.122455,0.0822539,0.0487206,0.182613
img_02546.jpg,0.449715,0.0575636,0.0344546,0.0222256,0.122431,0.0822438,0.0487474,0.182619
img_02556.jpg,0.449891,0.0575415,0.0344122,0.0221862,0.122461,0.0822224,0.0486889,0.182596
img_02560.jpg,0.449809,0.0575476,0.034432,0.0222082,0.122449,0.0822662,0.0487031,0.182585
img_02563.jpg,0.449472,0.0576098,0.0345055,0.0222897,0.122488,0.0823324,0.0487811,0.182522
img_02565.jpg,0.44984,0.0575319,0.0344103,0.0221914,0.122457,0.0822601,0.0486885,0.182621
img_02573.jpg,0.44973,0.0575597,0.0344727,0.0222541,0.122443,0.0822653,0.0487505,0.182525
img_02574.jpg,0.449783,0.0575605,0.0344434,0.0222259,0.122443,0.0822653,0.0487199,0.182559
img_02602.jpg,0.45002,0.0575072,0.0343751,0.0221538,0.12243,0.082223,0.0486534,0.182638
img_02607.jpg,0.449753,0.0575567,0.0344581,0.0222294,0.122427,0.082228,0.0487372,0.18261
img_02622.jpg,0.449768,0.0575671,0.034437,0.0222101,0.122474,0.0822545,0.04871,0.182579
img_02625.jpg,0.449539,0.0576082,0.0344969,0.0222722,0.122498,0.0822656,0.0487739,0.182546
img_02636.jpg,0.449493,0.0576143,0.034522,0.022287,0.122461,0.0822558,0.048799,0.182568
img_02638.jpg,0.449875,0.0575232,0.0344189,0.022195,0.122432,0.0822389,0.0486974,0.182619
img_02641.jpg,0.449894,0.0575272,0.0344142,0.0221987,0.12239,0.0822228,0.0486922,0.18266
img_02646.jpg,0.449805,0.0575565,0.0344397,0.0222103,0.122413,0.082252,0.0487176,0.182606
img_02648.jpg,0.449672,0.0575966,0.0344755,0.0222567,0.122476,0.0822592,0.0487433,0.182521
img_02651.jpg,0.449349,0.0576372,0.0345447,0.0223042,0.122489,0.0823089,0.0488189,0.182548
img_02656.jpg,0.450036,0.0574903,0.0343823,0.0221715,0.122419,0.0822039,0.0486636,0.182633
img_02666.jpg,0.449493,0.0576244,0.0345304,0.0222972,0.122459,0.0822719,0.0487987,0.182525
img_02679.jpg,0.449894,0.0575465,0.0344166,0.0222094,0.122447,0.0822202,0.0487017,0.182565
img_02687.jpg,0.449937,0.0575319,0.0343981,0.0221763,0.122438,0.082242,0.048672,0.182604
img_02699.jpg,0.449763,0.0575585,0.0344447,0.0222216,0.122448,0.0822617,0.048734,0.182568
img_02702.jpg,0.449644,0.0575872,0.0344884,0.0222597,0.122455,0.082255,0.0487574,0.182553
img_02703.jpg,0.44991,0.0575329,0.0344079,0.0221908,0.12242,0.0822205,0.0486957,0.182622
img_02709.jpg,0.449795,0.0575645,0.0344464,0.0222241,0.122416,0.0822392,0.0487225,0.182592
img_02726.jpg,0.449453,0.0576167,0.0345246,0.0223005,0.122478,0.0823096,0.0488038,0.182514
img_02733.jpg,0.449834,0.0575631,0.034438,0.0222232,0.122423,0.082213,0.0487205,0.182586
img_02734.jpg,0.449906,0.0575299,0.0344043,0.022181,0.122456,0.0822364,0.0486721,0.182614
img_02739.jpg,0.449805,0.0575512,0.0344422,0.0222226,0.122446,0.0822497,0.0487153,0.182568
img_02749.jpg,0.449686,0.0575862,0.03447,0.0222501,0.122436,0.0822367,0.0487589,0.182576
img_02759.jpg,0.449449,0.0576419,0.0345301,0.0223113,0.122486,0.0822856,0.0488044,0.182492
img_02764.jpg,0.449594,0.0575889,0.0345019,0.0222584,0.122458,0.08227,0.0487652,0.182563
img_02766.jpg,0.449491,0.057609,0.0344988,0.0222846,0.122474,0.0822927,0.0487968,0.182553
img_02769.jpg,0.449439,0.0576494,0.0345387,0.0223174,0.122497,0.0822799,0.0488084,0.18247
img_02771.jpg,0.449796,0.0575403,0.0344402,0.0222197,0.122427,0.0822545,0.0487274,0.182595
img_02789.jpg,0.449567,0.0576096,0.0344925,0.0222771,0.122473,0.0822897,0.0487738,0.182518
img_02799.jpg,0.449736,0.0575689,0.0344623,0.0222433,0.122436,0.0822707,0.0487286,0.182555
img_02808.jpg,0.449729,0.0575777,0.0344488,0.0222429,0.122413,0.0822504,0.048738,0.182601
img_02811.jpg,0.449798,0.0575704,0.0344478,0.0222319,0.122437,0.0822138,0.0487298,0.182571
img_02830.jpg,0.449708,0.057568,0.0344573,0.0222223,0.122472,0.0822508,0.0487431,0.182579
img_02834.jpg,0.449737,0.0575553,0.0344326,0.0222078,0.122469,0.082241,0.0487208,0.182637
img_02837.jpg,0.44964,0.0575967,0.0344809,0.0222684,0.122446,0.082253,0.0487603,0.182554
img_02838.jpg,0.449584,0.0575891,0.0344771,0.0222645,0.122418,0.082276,0.0487677,0.182624
img_02842.jpg,0.44954,0.057597,0.0344963,0.0222628,0.122516,0.0822758,0.0487675,0.182545
img_02857.jpg,0.449662,0.0576018,0.0344827,0.0222708,0.122435,0.0822445,0.0487499,0.182554
img_02865.jpg,0.449646,0.057579,0.034486,0.0222429,0.122445,0.0822826,0.0487474,0.182571
img_02871.jpg,0.449714,0.0575644,0.0344579,0.0222267,0.122469,0.0822331,0.0487374,0.182597
img_02876.jpg,0.449702,0.0576028,0.0344489,0.0222225,0.122456,0.0822142,0.0487293,0.182625
img_02889.jpg,0.449813,0.0575575,0.034442,0.0222233,0.122408,0.0822331,0.0487214,0.182601
img_02890.jpg,0.449673,0.0575893,0.0344703,0.0222586,0.122439,0.0822568,0.0487576,0.182555
img_02899.jpg,0.449747,0.0575799,0.0344488,0.0222367,0.122413,0.0822309,0.0487369,0.182607
img_02904.jpg,0.449641,0.0575829,0.0344766,0.0222579,0.122428,0.0822636,0.0487602,0.18259
img_02911.jpg,0.449935,0.0575058,0.0343948,0.0221747,0.122433,0.0822096,0.0486848,0.182663
img_02916.jpg,0.449922,0.0575267,0.0344012,0.0222004,0.122425,0.0822101,0.0486854,0.182629
img_02920.jpg,0.449747,0.0575603,0.0344464,0.0222303,0.122456,0.0822714,0.0487221,0.182567
img_02943.jpg,0.449743,0.0575817,0.0344563,0.0222444,0.122426,0.0822463,0.0487369,0.182565
img_02949.jpg,0.449766,0.0575582,0.0344346,0.022233,0.122398,0.082259,0.0487241,0.182628
img_02954.jpg,0.44954,0.0576155,0.0345145,0.0222907,0.122458,0.0822634,0.0487769,0.18254
img_02956.jpg,0.44971,0.0575801,0.0344677,0.0222237,0.12248,0.0822179,0.0487271,0.182593
img_02964.jpg,0.449548,0.0575995,0.0344819,0.0222612,0.122495,0.0822679,0.0487632,0.182583
img_02974.jpg,0.449863,0.0575383,0.0344071,0.0221921,0.122429,0.0822414,0.0486772,0.182652
img_02977.jpg,0.449706,0.0575981,0.0344725,0.0222673,0.12244,0.0822586,0.0487421,0.182515
img_02993.jpg,0.449548,0.0576227,0.034519,0.0222897,0.122474,0.0822509,0.0487724,0.182524
img_03014.jpg,0.449628,0.0575934,0.0344732,0.0222538,0.122432,0.0822882,0.0487595,0.182572
img_03043.jpg,0.449634,0.0575992,0.0344824,0.0222606,0.122456,0.0822665,0.0487496,0.182552
img_03055.jpg,0.449897,0.0575261,0.0344059,0.022189,0.122431,0.0822319,0.0486771,0.182642
img_03064.jpg,0.449819,0.0575377,0.0344185,0.022198,0.122472,0.0822337,0.0487037,0.182617
img_03069.jpg,0.449622,0.0575919,0.0344735,0.0222454,0.122511,0.0822446,0.0487515,0.18256
img_03074.jpg,0.449917,0.0575183,0.0344049,0.0221931,0.12241,0.0822374,0.0486854,0.182634
img_03078.jpg,0.450079,0.0574891,0.0343649,0.0221507,0.122396,0.082216,0.0486424,0.182662
img_03080.jpg,0.44987,0.057542,0.0344201,0.0221883,0.122456,0.0822463,0.0486719,0.182606
img_03082.jpg,0.449711,0.0575694,0.0344484,0.0222335,0.122454,0.082252,0.0487326,0.1826
img_03087.jpg,0.449765,0.0575539,0.0344522,0.0222236,0.122469,0.0822555,0.0487237,0.182557
img_03116.jpg,0.449677,0.0575781,0.0344737,0.0222468,0.122444,0.082236,0.0487683,0.182575
img_03128.jpg,0.449692,0.0575853,0.0344522,0.0222224,0.122471,0.0822516,0.0487264,0.182599
img_03135.jpg,0.449882,0.0575339,0.0344065,0.0221829,0.122459,0.0822325,0.0486877,0.182615
img_03140.jpg,0.45002,0.057502,0.0343741,0.02215,0.122428,0.0822206,0.0486536,0.182651
img_03166.jpg,0.449215,0.0576809,0.034589,0.0223545,0.122468,0.0823091,0.0488624,0.182521
img_03169.jpg,0.449784,0.0575614,0.0344336,0.0222238,0.122465,0.08222,0.0487205,0.182592
img_03181.jpg,0.449835,0.0575117,0.0344308,0.0222053,0.122459,0.0822522,0.0486854,0.18262
img_03195.jpg,0.449726,0.0575721,0.0344433,0.0222218,0.122479,0.0822661,0.048721,0.18257
img_03199.jpg,0.449835,0.0575326,0.0344195,0.0221984,0.122459,0.0822253,0.0486964,0.182633
img_03210.jpg,0.449616,0.0575959,0.0344773,0.0222546,0.122481,0.0822592,0.0487526,0.182564
img_03220.jpg,0.449737,0.0575558,0.0344462,0.0222269,0.122461,0.0822644,0.0487179,0.182591
img_03222.jpg,0.449836,0.0575418,0.0344386,0.0222187,0.122434,0.082242,0.0487064,0.182582
img_03223.jpg,0.449636,0.0575872,0.0344825,0.0222666,0.122451,0.0822641,0.048765,0.182547
img_03228.jpg,0.449815,0.0575523,0.0344254,0.0222162,0.122426,0.0822548,0.0487007,0.182609
img_03229.jpg,0.449693,0.0575789,0.0344528,0.0222343,0.122477,0.0822553,0.0487339,0.182575
img_03231.jpg,0.449852,0.057551,0.0344088,0.0222047,0.122419,0.0822293,0.048704,0.182631
img_03238.jpg,0.449766,0.0575561,0.0344324,0.022204,0.122485,0.0822444,0.0487062,0.182606
img_03239.jpg,0.449338,0.0576622,0.0345642,0.0223449,0.122472,0.0823099,0.0488295,0.182479
img_03252.jpg,0.449666,0.0576029,0.0344711,0.0222623,0.122439,0.082266,0.0487585,0.182534
img_03254.jpg,0.449462,0.0576147,0.0345085,0.022278,0.122523,0.0822864,0.0487805,0.182547
img_03260.jpg,0.449749,0.0575632,0.0344563,0.0222395,0.122423,0.0822366,0.048734,0.182599
img_03261.jpg,0.449645,0.0575806,0.0344749,0.0222567,0.122419,0.0822605,0.0487614,0.182601
img_03270.jpg,0.449775,0.057561,0.0344462,0.022226,0.122424,0.0822409,0.0487321,0.182595
img_03283.jpg,0.449921,0.0575291,0.0344029,0.0221911,0.122429,0.0822413,0.0486783,0.182607
img_03290.jpg,0.449955,0.0575219,0.0343887,0.022168,0.122446,0.08222,0.048675,0.182626
img_03297.jpg,0.449774,0.0575664,0.0344338,0.0222279,0.122415,0.0822484,0.0487234,0.182611
img_03310.jpg,0.449867,0.0575364,0.0344303,0.0222117,0.122421,0.082228,0.0487087,0.182596
img_03312.jpg,0.449748,0.0575592,0.0344413,0.0222213,0.122453,0.0822618,0.0487102,0.182604
img_03324.jpg,0.44963,0.0575824,0.0344782,0.0222619,0.12246,0.0822372,0.0487622,0.182588
img_03333.jpg,0.449321,0.0576504,0.0345391,0.0223151,0.122508,0.0823041,0.0488164,0.182546
img_03342.jpg,0.449872,0.0575246,0.0344084,0.0221847,0.122458,0.0822285,0.048682,0.182642
img_03346.jpg,0.449787,0.0575579,0.034444,0.0222169,0.122447,0.0822654,0.0486933,0.182588
img_03355.jpg,0.449889,0.0575214,0.0343992,0.0221784,0.122451,0.0822122,0.0486923,0.182656
img_03361.jpg,0.449948,0.0575252,0.0343779,0.0221716,0.122367,0.0822373,0.0486699,0.182703
img_03370.jpg,0.449789,0.0575526,0.034427,0.0222019,0.12246,0.082246,0.0487013,0.182623
img_03399.jpg,0.44992,0.0575101,0.0343992,0.0221777,0.122453,0.0822401,0.0486725,0.182627
img_03410.jpg,0.449771,0.0575727,0.0344363,0.0222188,0.122442,0.0822598,0.0487072,0.182592
img_03422.jpg,0.449755,0.0575693,0.034451,0.022241,0.122409,0.0822472,0.0487336,0.182594
img_03426.jpg,0.449531,0.0576118,0.0345207,0.0222809,0.12247,0.0822611,0.0487753,0.182549
img_03439.jpg,0.449671,0.0575928,0.034474,0.0222521,0.122442,0.0822323,0.0487631,0.182572
img_03440.jpg,0.449816,0.0575457,0.0344261,0.0222235,0.122455,0.0822025,0.0487372,0.182594
img_03444.jpg,0.449638,0.057587,0.0344726,0.0222517,0.122463,0.0822825,0.0487303,0.182575
img_03445.jpg,0.449498,0.0576184,0.0345183,0.0223079,0.122429,0.082274,0.048794,0.182561
img_03446.jpg,0.449751,0.0575648,0.0344486,0.0222358,0.122486,0.0822363,0.0487486,0.182528
img_03452.jpg,0.450011,0.0575014,0.0343865,0.0221746,0.122388,0.0822033,0.0486611,0.182674
img_03454.jpg,0.449828,0.0575498,0.0344309,0.0222053,0.122438,0.082257,0.0487021,0.182589
img_03456.jpg,0.44956,0.0576038,0.0344846,0.0222646,0.122435,0.0823094,0.0487769,0.182565
img_03457.jpg,0.449714,0.057574,0.0344605,0.0222268,0.122419,0.0822331,0.0487482,0.182624
img_03471.jpg,0.449726,0.057581,0.0344643,0.0222415,0.122444,0.0822811,0.0487206,0.182542
img_03475.jpg,0.449623,0.0576223,0.0344825,0.0222697,0.122454,0.0822412,0.0487667,0.182541
img_03488.jpg,0.449851,0.0575278,0.0344228,0.0222118,0.122457,0.0822336,0.0487029,0.182593
img_03490.jpg,0.449684,0.0575731,0.0344838,0.0222642,0.122445,0.0822787,0.0487647,0.182506
img_03502.jpg,0.44976,0.0575671,0.034435,0.0222078,0.122465,0.0822494,0.0487081,0.182607
img_03504.jpg,0.449847,0.0575122,0.0344174,0.0221979,0.122462,0.0822656,0.0486875,0.18261
img_03520.jpg,0.449724,0.0575654,0.0344581,0.0222395,0.122414,0.0822393,0.0487426,0.182616
img_03527.jpg,0.449765,0.0575607,0.034437,0.0222234,0.122453,0.0822176,0.048743,0.1826
img_03547.jpg,0.449766,0.0575613,0.0344425,0.0222245,0.122443,0.0822652,0.0487078,0.182589
img_03548.jpg,0.449804,0.05755,0.0344258,0.0221968,0.122488,0.08223,0.048708,0.182597
img_03554.jpg,0.449712,0.0575747,0.0344673,0.0222488,0.122445,0.0822698,0.0487395,0.182543
img_03563.jpg,0.449939,0.0575141,0.0343905,0.0221828,0.122429,0.0822041,0.0486948,0.182646
img_03581.jpg,0.449654,0.0575944,0.0344771,0.0222558,0.122448,0.0822393,0.0487676,0.182564
img_03584.jpg,0.450033,0.0575124,0.0343728,0.0221498,0.12242,0.0821899,0.0486473,0.182675
img_03587.jpg,0.449788,0.0575542,0.0344202,0.0222008,0.122488,0.0822368,0.0487147,0.182597
img_03588.jpg,0.449605,0.0575936,0.0344733,0.0222493,0.12251,0.082251,0.0487523,0.182565
img_03602.jpg,0.449528,0.0575995,0.0344975,0.022263,0.122508,0.082282,0.0487698,0.182552
img_03627.jpg,0.449656,0.0576011,0.0344765,0.0222739,0.122441,0.0822698,0.0487717,0.182509
img_03628.jpg,0.450009,0.0575093,0.0343724,0.0221457,0.122438,0.0822206,0.0486452,0.182661
img_03652.jpg,0.449629,0.0575833,0.0344969,0.0222575,0.122463,0.0822645,0.0487576,0.182548
img_03670.jpg,0.44974,0.0575647,0.0344488,0.0222292,0.122455,0.0822665,0.0487246,0.18257
img_03674.jpg,0.449687,0.057581,0.0344671,0.0222471,0.122434,0.0822573,0.0487421,0.182584
img_03677.jpg,0.450105,0.0574772,0.0343595,0.02214,0.122423,0.08221,0.0486313,0.182654
img_03711.jpg,0.44982,0.0575484,0.03443,0.0222148,0.1224,0.082235,0.0487085,0.182643
img_03715.jpg,0.449834,0.0575314,0.0344101,0.0221997,0.122444,0.0822465,0.0486951,0.182639
img_03718.jpg,0.449821,0.0575606,0.0344396,0.0222247,0.122412,0.0822189,0.0487228,0.1826
img_03726.jpg,0.449788,0.0575544,0.034424,0.0222008,0.12248,0.0822261,0.0487163,0.18261
img_03739.jpg,0.449527,0.0576251,0.034516,0.0222876,0.122461,0.0822634,0.0487822,0.182537
img_03749.jpg,0.449955,0.0575151,0.0343748,0.0221543,0.122452,0.0822106,0.0486634,0.182675
img_03750.jpg,0.449931,0.057523,0.0343836,0.0221632,0.122457,0.0822228,0.0486717,0.182647
img_03760.jpg,0.449737,0.0575604,0.0344267,0.0222071,0.122455,0.0822538,0.0487173,0.182643
img_03764.jpg,0.449589,0.0575863,0.0344915,0.0222811,0.122464,0.0822683,0.0487743,0.182545
img_03776.jpg,0.449613,0.0575873,0.0344771,0.0222562,0.122494,0.0822682,0.0487519,0.182552
img_03801.jpg,0.449952,0.0575218,0.0344024,0.0221703,0.12244,0.0822272,0.0486621,0.182625
img_03805.jpg,0.450128,0.0574695,0.0343483,0.0221357,0.122407,0.0821955,0.0486365,0.182679
img_03809.jpg,0.449912,0.0575288,0.0344057,0.0221782,0.12242,0.0822137,0.0486907,0.182651
img_03825.jpg,0.449734,0.0575563,0.0344517,0.0222276,0.122455,0.0822601,0.0487164,0.182598
img_03831.jpg,0.44975,0.0575585,0.0344545,0.0222389,0.122473,0.0822128,0.0487495,0.182562
img_03837.jpg,0.449857,0.057544,0.0344167,0.0221945,0.122456,0.0822287,0.0486832,0.18262
img_03847.jpg,0.449487,0.0576235,0.0345244,0.022296,0.122489,0.0822963,0.0487849,0.182499
img_03853.jpg,0.449921,0.0575277,0.0343885,0.0221653,0.122434,0.0822373,0.0486815,0.182644
img_03866.jpg,0.449911,0.0575236,0.0344177,0.0221848,0.122433,0.0822432,0.0486856,0.182601
img_03867.jpg,0.449993,0.0575111,0.0343824,0.0221617,0.1224,0.0822344,0.0486629,0.182655
img_03869.jpg,0.44993,0.057524,0.0343789,0.0221595,0.122441,0.0822304,0.0486799,0.182656
img_03871.jpg,0.449928,0.0575348,0.0343985,0.022179,0.122452,0.0822043,0.0486738,0.182629
img_03886.jpg,0.44947,0.0576186,0.0345276,0.0223089,0.12243,0.0822988,0.0487931,0.182554
img_03891.jpg,0.45002,0.0574973,0.034374,0.0221646,0.122409,0.082222,0.0486535,0.182659
img_03892.jpg,0.449819,0.0575493,0.0344157,0.0221905,0.122462,0.0822381,0.0486993,0.182627
img_03896.jpg,0.449935,0.0575213,0.0343725,0.0221543,0.122423,0.0822314,0.0486745,0.182688
img_03923.jpg,0.449778,0.0575692,0.0344535,0.0222365,0.122407,0.0822486,0.0487347,0.182573
img_03924.jpg,0.449657,0.0575721,0.0344846,0.0222609,0.122437,0.0822152,0.0487912,0.182582
img_03928.jpg,0.449763,0.0575585,0.0344286,0.0221974,0.122473,0.0822375,0.0487008,0.182641
img_03929.jpg,0.449784,0.0575603,0.0344387,0.0222084,0.122475,0.0822331,0.0487169,0.182583
img_03931.jpg,0.449321,0.057667,0.0345737,0.022335,0.122452,0.0822928,0.048837,0.182521
img_03935.jpg,0.44945,0.0576318,0.0345149,0.0223034,0.122489,0.0823131,0.0487946,0.182504
img_03941.jpg,0.449827,0.057562,0.0344406,0.0222252,0.122412,0.0822159,0.0487257,0.182592
img_03942.jpg,0.449769,0.0575536,0.0344402,0.022223,0.122436,0.0822226,0.0487047,0.182651
img_03943.jpg,0.449613,0.0575871,0.0344706,0.0222359,0.122491,0.0822786,0.0487305,0.182593
img_03945.jpg,0.449492,0.0576143,0.0345007,0.0222735,0.122516,0.0822734,0.0487803,0.182549
img_03946.jpg,0.449609,0.0576093,0.0344753,0.0222426,0.122502,0.0822691,0.0487648,0.182527
img_03952.jpg,0.449633,0.0575892,0.0344846,0.0222632,0.122414,0.0822534,0.0487597,0.182602
img_03967.jpg,0.450005,0.0575074,0.0343755,0.0221566,0.122433,0.0822278,0.0486538,0.18264
img_03974.jpg,0.449421,0.0576371,0.0345375,0.0222954,0.122471,0.082285,0.0488142,0.182539
img_03992.jpg,0.449788,0.0575496,0.0344496,0.0222329,0.122429,0.0822461,0.0487134,0.182591
img_03995.jpg,0.45012,0.0574807,0.0343434,0.0221243,0.122415,0.0821779,0.0486228,0.182716
img_03996.jpg,0.449645,0.0575782,0.0344823,0.0222481,0.122438,0.0822863,0.048755,0.182567
img_04001.jpg,0.449822,0.0575463,0.034435,0.0222132,0.122441,0.0822541,0.0487033,0.182586
img_04002.jpg,0.449591,0.0576086,0.0344892,0.0222651,0.122481,0.0822769,0.048758,0.18253
img_04003.jpg,0.449774,0.0575739,0.0344527,0.0222362,0.122444,0.0822165,0.048734,0.182569
img_04004.jpg,0.449661,0.0575885,0.0344657,0.022235,0.122423,0.0822481,0.0487525,0.182626
img_04013.jpg,0.449784,0.057559,0.034428,0.0221992,0.122479,0.0822296,0.0487164,0.182606
img_04015.jpg,0.449825,0.0575363,0.0344304,0.0222084,0.122451,0.0822532,0.0487061,0.182589
img_04024.jpg,0.449755,0.0575604,0.0344369,0.0222135,0.122469,0.0822466,0.0487226,0.182596
img_04036.jpg,0.449806,0.057527,0.0344153,0.0221955,0.122452,0.0822352,0.0487167,0.182652
img_04037.jpg,0.449765,0.0575599,0.0344358,0.0222151,0.122472,0.0822409,0.0487083,0.182602
img_04044.jpg,0.449716,0.0575693,0.0344622,0.0222387,0.122422,0.0822477,0.0487339,0.18261
img_04061.jpg,0.449616,0.0575826,0.0344607,0.0222379,0.122496,0.0822698,0.048748,0.182589
img_04069.jpg,0.449668,0.05759,0.034467,0.022255,0.122441,0.0822589,0.0487515,0.182568
img_04073.jpg,0.44984,0.0575321,0.0344118,0.0221897,0.122465,0.0822316,0.0487026,0.182627
img_04076.jpg,0.449988,0.0575266,0.0343713,0.0221611,0.12241,0.0822233,0.0486622,0.182658
img_04101.jpg,0.449932,0.0575145,0.0343981,0.0221804,0.122451,0.0822349,0.0486737,0.182616
img_04115.jpg,0.449808,0.0575416,0.0344315,0.0222066,0.122451,0.0822316,0.0487063,0.182624
img_04118.jpg,0.449783,0.0575266,0.0344496,0.0222249,0.122462,0.0822684,0.0486998,0.182586
img_04126.jpg,0.449827,0.0575495,0.0344326,0.0222339,0.122435,0.0822166,0.0487224,0.182583
img_04127.jpg,0.44987,0.0575345,0.0343991,0.0221784,0.122449,0.082232,0.0486869,0.18265
img_04128.jpg,0.449862,0.0575426,0.0344306,0.0222107,0.122398,0.0822721,0.0486907,0.182594
img_04129.jpg,0.449809,0.0575452,0.034428,0.0222076,0.122434,0.0822678,0.0486891,0.18262
img_04130.jpg,0.449477,0.057621,0.0345312,0.0222988,0.122469,0.0822917,0.0487929,0.182519
img_04136.jpg,0.449675,0.0575859,0.0344613,0.0222456,0.122414,0.0822617,0.0487393,0.182617
img_04138.jpg,0.449893,0.0575428,0.0344121,0.0221909,0.122434,0.0822302,0.0486814,0.182616
img_04145.jpg,0.449814,0.0575482,0.0344173,0.0221958,0.122467,0.0822566,0.0486926,0.182609
img_04156.jpg,0.449846,0.0575392,0.0344144,0.0222054,0.122435,0.0822227,0.0487039,0.182633
img_04181.jpg,0.449812,0.0575437,0.0344249,0.022204,0.122418,0.0822582,0.0487068,0.182633
img_04183.jpg,0.44973,0.0575764,0.0344467,0.0222381,0.122454,0.082247,0.0487363,0.182571
img_04204.jpg,0.449506,0.0576071,0.0344962,0.0222738,0.122466,0.082299,0.0487705,0.182581
img_04221.jpg,0.449876,0.0575296,0.0344181,0.022202,0.122441,0.0822381,0.0487003,0.182595
img_04233.jpg,0.449757,0.0575647,0.0344291,0.0222022,0.122499,0.0822322,0.0487147,0.1826
img_04237.jpg,0.450003,0.0575183,0.0343683,0.0221631,0.122386,0.0822321,0.0486422,0.182687
img_04240.jpg,0.449842,0.0575505,0.0344164,0.0221922,0.122461,0.0822419,0.0486926,0.182603
img_04247.jpg,0.449742,0.0575682,0.0344462,0.0222284,0.122438,0.0822545,0.048731,0.182592
img_04250.jpg,0.449938,0.0575157,0.0344017,0.0221742,0.122421,0.0822296,0.0486779,0.182642
img_04257.jpg,0.449712,0.0575634,0.0344653,0.0222407,0.122428,0.0822534,0.0487337,0.182604
img_04261.jpg,0.449699,0.0575757,0.0344487,0.0222415,0.12246,0.0822464,0.0487402,0.182589
img_04263.jpg,0.449923,0.0575222,0.0343853,0.0221587,0.122445,0.0822379,0.0486767,0.182651
img_04266.jpg,0.449521,0.0576139,0.0344998,0.0222741,0.122503,0.0822693,0.0487733,0.182546
img_04268.jpg,0.449651,0.0575882,0.0344575,0.022233,0.122476,0.0822809,0.0487254,0.182588
img_04271.jpg,0.449874,0.0575595,0.0344228,0.0221942,0.122437,0.0822411,0.0486871,0.182584
img_04272.jpg,0.44986,0.0575486,0.0344159,0.0221851,0.12247,0.0822404,0.0486647,0.182616
img_04282.jpg,0.449719,0.0575659,0.0344512,0.0222166,0.122489,0.0822351,0.0487314,0.182592
img_04285.jpg,0.449978,0.0575237,0.0343794,0.0221602,0.122443,0.0822084,0.0486496,0.182658
img_04306.jpg,0.449753,0.0575583,0.0344469,0.0222356,0.122433,0.0822466,0.0487307,0.182596
img_04310.jpg,0.449843,0.0575468,0.0344168,0.022216,0.122399,0.0822312,0.0487143,0.182633
img_04321.jpg,0.449839,0.0575408,0.0344081,0.022191,0.122472,0.082229,0.0487014,0.182618
img_04323.jpg,0.449496,0.0576232,0.0345101,0.022296,0.122473,0.0823024,0.0487889,0.182511
img_04324.jpg,0.449785,0.0575797,0.0344379,0.0222176,0.122399,0.0822904,0.0487033,0.182587
img_04341.jpg,0.449713,0.0575761,0.0344535,0.0222377,0.12244,0.0822746,0.048741,0.182565
img_04369.jpg,0.449654,0.057585,0.0344714,0.0222461,0.122486,0.0822387,0.048744,0.182575
img_04370.jpg,0.449952,0.0575046,0.034391,0.0221758,0.122455,0.0822178,0.0486693,0.182634
img_04375.jpg,0.449661,0.0575739,0.0344675,0.022255,0.122482,0.0822774,0.0487542,0.182529
img_04382.jpg,0.449728,0.0575616,0.0344512,0.0222307,0.12247,0.0822352,0.0487454,0.182578
img_04386.jpg,0.449718,0.0575708,0.0344417,0.022219,0.122477,0.0822562,0.0487119,0.182606
img_04390.jpg,0.449911,0.0575273,0.0343861,0.0221725,0.12244,0.0822316,0.0486586,0.182672
img_04405.jpg,0.44974,0.0575593,0.0344363,0.0222063,0.122485,0.0822264,0.0487129,0.182633
img_04408.jpg,0.449921,0.0575195,0.0343986,0.022189,0.122422,0.0822106,0.0486964,0.182643
img_04410.jpg,0.449935,0.0575162,0.0343926,0.0221757,0.122435,0.0822331,0.0486729,0.182639
img_04415.jpg,0.449783,0.0575602,0.0344444,0.0222264,0.122442,0.082264,0.0487184,0.182562
img_04419.jpg,0.449816,0.0575521,0.0344207,0.0221963,0.122447,0.0822574,0.0486936,0.182617
img_04422.jpg,0.450064,0.0574916,0.0343539,0.0221448,0.122375,0.0822164,0.0486516,0.182704
img_04423.jpg,0.449645,0.0575873,0.0344734,0.022253,0.122494,0.0822606,0.0487443,0.182543
img_04425.jpg,0.449712,0.0575784,0.0344615,0.0222349,0.122462,0.0822435,0.0487301,0.182577
img_04427.jpg,0.449667,0.0575727,0.0344465,0.0222221,0.122492,0.082241,0.0487317,0.182626
img_04432.jpg,0.449718,0.0575746,0.0344695,0.0222495,0.122437,0.0822734,0.0487365,0.182542
img_04453.jpg,0.449815,0.0575497,0.0344332,0.0222117,0.122445,0.0822525,0.0487072,0.182586
img_04461.jpg,0.449676,0.057584,0.0344797,0.0222541,0.122413,0.0822576,0.0487564,0.18258
img_04476.jpg,0.449957,0.0575228,0.0343816,0.0221591,0.122453,0.0822221,0.0486633,0.182641
img_04478.jpg,0.449848,0.0575528,0.0344181,0.0221983,0.122417,0.0822474,0.0486921,0.182627
img_04479.jpg,0.449456,0.0576332,0.034518,0.0222947,0.122507,0.0822757,0.0487956,0.18252
img_04482.jpg,0.449875,0.0575264,0.0344066,0.0221974,0.122453,0.0822283,0.0486943,0.182619
img_04496.jpg,0.450025,0.0575137,0.0343629,0.0221438,0.122427,0.0822295,0.0486309,0.182668
img_04503.jpg,0.449839,0.057543,0.0344281,0.0222072,0.122448,0.0822438,0.0487001,0.182591
img_04507.jpg,0.449831,0.0575672,0.0344205,0.0222119,0.122425,0.0821975,0.0487061,0.182641
img_04511.jpg,0.44978,0.0575492,0.0344368,0.0222182,0.12242,0.0822662,0.0487147,0.182615
img_04520.jpg,0.44965,0.0575879,0.0344815,0.0222606,0.122454,0.0822679,0.0487573,0.182541
img_04532.jpg,0.449592,0.0575898,0.0344756,0.0222474,0.12251,0.0822658,0.0487566,0.182563
img_04546.jpg,0.449505,0.0576348,0.0345265,0.0223014,0.12248,0.0822538,0.0487818,0.182517
img_04554.jpg,0.449735,0.0575661,0.0344673,0.0222432,0.122438,0.0822668,0.0487261,0.182558
img_04559.jpg,0.449515,0.0576279,0.034516,0.0223001,0.122458,0.0822842,0.04879,0.182509
img_04562.jpg,0.449621,0.0575872,0.034489,0.0222628,0.122461,0.0822458,0.048754,0.182579
img_04563.jpg,0.44936,0.0576422,0.0345358,0.0223103,0.122499,0.0822975,0.0488055,0.18255
img_04585.jpg,0.44944,0.0576306,0.0345224,0.0223031,0.122482,0.0823338,0.0487827,0.182505
img_04586.jpg,0.44997,0.0575288,0.0343937,0.022158,0.122447,0.0821982,0.0486595,0.182645
img_04603.jpg,0.449687,0.0575815,0.0344737,0.0222421,0.122457,0.0822597,0.0487364,0.182562
img_04624.jpg,0.449584,0.0575908,0.0344797,0.02225,0.122518,0.0822578,0.0487612,0.182559
img_04629.jpg,0.449556,0.0576305,0.0344981,0.0222712,0.122406,0.0822677,0.0487796,0.182591
img_04640.jpg,0.449739,0.0575488,0.034434,0.0222137,0.122474,0.0822713,0.0487128,0.182606
img_04642.jpg,0.44975,0.0575537,0.0344364,0.0222223,0.122414,0.0822825,0.0487206,0.182621
img_04647.jpg,0.449728,0.0575719,0.0344641,0.0222461,0.122435,0.0822699,0.048736,0.182549
img_04657.jpg,0.449919,0.0575313,0.0343864,0.0221822,0.122407,0.0822126,0.0486749,0.182686
img_04661.jpg,0.449852,0.0575302,0.0344327,0.0222095,0.122438,0.0822284,0.0487066,0.182602
img_04671.jpg,0.449779,0.0575518,0.0344256,0.0222034,0.12248,0.0822442,0.0487125,0.182603
img_04675.jpg,0.449659,0.0575853,0.034455,0.0222511,0.122486,0.0822415,0.048767,0.182555
img_04696.jpg,0.449695,0.0575779,0.0344692,0.0222503,0.122448,0.0822708,0.0487416,0.182547
img_04705.jpg,0.449956,0.0575197,0.0343774,0.0221495,0.122446,0.0822032,0.0486459,0.182703
img_04712.jpg,0.449728,0.0575747,0.0344311,0.022228,0.122409,0.082253,0.0487295,0.182647
img_04719.jpg,0.449824,0.0575404,0.0344127,0.0221899,0.122472,0.0822329,0.0486922,0.182637
img_04723.jpg,0.44976,0.0575587,0.0344361,0.0222215,0.122465,0.082217,0.0487328,0.18261
img_04726.jpg,0.449517,0.0576177,0.0345167,0.0222831,0.122449,0.0823109,0.0487767,0.18253
img_04740.jpg,0.449768,0.0575518,0.0344201,0.0221997,0.122458,0.0822568,0.0487236,0.182622
img_04750.jpg,0.449763,0.0575728,0.0344464,0.0222497,0.122425,0.082247,0.0487271,0.182569
img_04752.jpg,0.449715,0.0575807,0.0344562,0.0222431,0.122456,0.0822316,0.0487458,0.182571
img_04757.jpg,0.449813,0.0575438,0.0344113,0.0221945,0.122459,0.0822593,0.0486951,0.182625
img_04766.jpg,0.449821,0.0575349,0.0344243,0.0222035,0.122459,0.0822251,0.0487011,0.182631
img_04795.jpg,0.449681,0.0575889,0.0344562,0.0222366,0.122469,0.0822618,0.0487339,0.182573
img_04811.jpg,0.449791,0.0575564,0.0344402,0.022219,0.122456,0.0822246,0.0487137,0.182599
img_04814.jpg,0.449712,0.0575697,0.0344646,0.0222431,0.122467,0.0822125,0.0487396,0.182592
img_04830.jpg,0.449696,0.0575742,0.0344511,0.0222358,0.12245,0.0822813,0.0487404,0.182571
img_04835.jpg,0.449789,0.0575659,0.0344293,0.0222029,0.122494,0.0822312,0.0487084,0.182579
img_04856.jpg,0.449838,0.0575396,0.034426,0.022212,0.122403,0.0822302,0.0487036,0.182647
img_04860.jpg,0.449668,0.0575829,0.0344716,0.0222576,0.12244,0.0822385,0.0487536,0.182588
img_04870.jpg,0.449764,0.0575756,0.0344442,0.0222321,0.122412,0.0822309,0.0487312,0.18261
img_04872.jpg,0.449803,0.0575397,0.0344352,0.0222133,0.122433,0.0822758,0.0487082,0.182592
img_04879.jpg,0.449555,0.0576132,0.034499,0.0222693,0.122493,0.0822779,0.0487631,0.18253
img_04885.jpg,0.449821,0.0575465,0.034421,0.0221913,0.122475,0.082228,0.0487095,0.182608
img_04888.jpg,0.449787,0.0575602,0.0344317,0.0221954,0.122454,0.0822606,0.0486882,0.182623
img_04921.jpg,0.449448,0.0576343,0.0345216,0.0222918,0.122507,0.0822696,0.0487932,0.182535
img_04949.jpg,0.449871,0.0575229,0.0343988,0.0221737,0.122431,0.0822408,0.0486828,0.182679
img_04959.jpg,0.449878,0.0575394,0.034413,0.0221997,0.122401,0.0822268,0.0486965,0.182646
img_04962.jpg,0.449386,0.0576343,0.0345446,0.0223212,0.122477,0.0822836,0.0488255,0.182528
img_04975.jpg,0.449938,0.0575251,0.0343803,0.0221626,0.122454,0.0822339,0.0486693,0.182637
img_04990.jpg,0.44986,0.0575258,0.03441,0.0221894,0.12246,0.0822192,0.0487,0.182635
img_04991.jpg,0.449643,0.0575907,0.0344767,0.0222495,0.122494,0.0822654,0.0487411,0.182539
img_05015.jpg,0.449691,0.0575675,0.0344648,0.0222545,0.122449,0.0822782,0.0487312,0.182564
img_05016.jpg,0.449645,0.0575856,0.0344644,0.0222452,0.122484,0.0822466,0.0487421,0.182588
img_05021.jpg,0.449619,0.0575913,0.0344822,0.0222622,0.122463,0.0822757,0.0487575,0.182549
img_05026.jpg,0.44992,0.0575331,0.0343955,0.022169,0.122454,0.0822162,0.0486653,0.182647
img_05030.jpg,0.449675,0.0575801,0.0344604,0.0222279,0.122482,0.0822447,0.0487474,0.182583
img_05038.jpg,0.449874,0.0575494,0.0344001,0.0221861,0.122449,0.0822449,0.0486777,0.182619
img_05046.jpg,0.449759,0.0575635,0.0344445,0.0222113,0.122458,0.0822452,0.0487209,0.182598
img_05055.jpg,0.449569,0.0576168,0.0345011,0.0222693,0.122466,0.082246,0.048774,0.182557
img_05059.jpg,0.449706,0.0575718,0.0344601,0.0222324,0.122446,0.0822284,0.0487557,0.182599
img_05064.jpg,0.449588,0.0575931,0.0344897,0.0222729,0.122432,0.08226,0.0487715,0.182592
img_05068.jpg,0.449913,0.0575259,0.0344007,0.0221891,0.122394,0.0822431,0.0486813,0.182652
img_05074.jpg,0.449549,0.0576249,0.0345146,0.0222779,0.122471,0.082271,0.0487857,0.182505
img_05076.jpg,0.44983,0.0575523,0.0344169,0.0221928,0.122465,0.0822453,0.0486993,0.182599
img_05078.jpg,0.449719,0.0575974,0.0344667,0.02224,0.122444,0.0822378,0.048724,0.182572
img_05084.jpg,0.449804,0.0575438,0.0344142,0.0221958,0.122472,0.0822298,0.0487035,0.182637
img_05085.jpg,0.449728,0.0575769,0.0344765,0.0222243,0.122466,0.0822385,0.0487235,0.182567
img_05087.jpg,0.449516,0.05761,0.034503,0.0222811,0.122484,0.0822837,0.0487912,0.182532
img_05095.jpg,0.449677,0.0575791,0.0344718,0.0222551,0.122448,0.0822681,0.0487381,0.182562
img_05119.jpg,0.449662,0.0575906,0.0344609,0.0222535,0.122427,0.0822396,0.0487559,0.182611
img_05137.jpg,0.449861,0.0575363,0.0344005,0.0221822,0.122445,0.0822412,0.0486863,0.182648
img_05139.jpg,0.449566,0.0576188,0.0344964,0.022278,0.122496,0.0822359,0.0487536,0.182555
img_05147.jpg,0.449685,0.0575691,0.0344647,0.0222553,0.122447,0.0822798,0.0487328,0.182566
img_05156.jpg,0.449732,0.0575797,0.0344647,0.0222539,0.122428,0.0822337,0.0487535,0.182554
img_05185.jpg,0.449683,0.057585,0.0344658,0.022243,0.122428,0.0822756,0.0487267,0.182592
img_05186.jpg,0.449616,0.0575981,0.0344841,0.0222583,0.122446,0.0822485,0.0487587,0.182591
img_05192.jpg,0.449744,0.0575549,0.0344336,0.0222127,0.12246,0.0822337,0.0487217,0.182638
img_05196.jpg,0.449863,0.0575411,0.0344152,0.0221858,0.122431,0.0822382,0.0486905,0.182635
img_05209.jpg,0.449767,0.0575627,0.034436,0.022232,0.122428,0.0822494,0.0487326,0.182593
img_05210.jpg,0.449605,0.0576032,0.0345095,0.0222751,0.122469,0.0822565,0.0487649,0.182518
img_05211.jpg,0.449769,0.0575638,0.034438,0.0222072,0.122477,0.0822323,0.0487151,0.182598
img_05222.jpg,0.449597,0.0575935,0.0345059,0.0222675,0.122457,0.082251,0.0487687,0.182559
img_05236.jpg,0.4499,0.0575324,0.0343882,0.0221755,0.122454,0.0822301,0.0486777,0.182643
img_05241.jpg,0.449675,0.0575837,0.0344635,0.0222531,0.12245,0.0822551,0.0487482,0.182571
img_05244.jpg,0.449881,0.0575444,0.034406,0.0221874,0.122419,0.0822407,0.0486867,0.182635
img_05251.jpg,0.449712,0.0575648,0.034452,0.0222133,0.122481,0.0822396,0.0487307,0.182607
img_05253.jpg,0.449516,0.0576242,0.0345138,0.0222882,0.122508,0.0822532,0.0487732,0.182523
img_05260.jpg,0.44983,0.0575432,0.0344143,0.0222098,0.122402,0.082241,0.048712,0.182648
img_05264.jpg,0.449652,0.0575893,0.0344582,0.0222539,0.122469,0.0822446,0.0487699,0.182563
img_05268.jpg,0.449763,0.0575481,0.0344362,0.0222119,0.12247,0.0822642,0.0487102,0.182597
img_05269.jpg,0.449615,0.0575805,0.0344962,0.022259,0.122453,0.0822484,0.048774,0.182574
img_05273.jpg,0.449704,0.057571,0.0344653,0.0222355,0.122427,0.0822341,0.048752,0.182612
img_05276.jpg,0.44958,0.0575978,0.0344936,0.0222622,0.122467,0.0822964,0.0487594,0.182544
img_05284.jpg,0.450067,0.0574887,0.0343564,0.0221438,0.122381,0.082208,0.048649,0.182705
img_05292.jpg,0.449844,0.0575367,0.0344062,0.022183,0.122461,0.0822305,0.048689,0.182649
img_05293.jpg,0.449862,0.0575294,0.0344138,0.0221932,0.122462,0.0822261,0.0487014,0.182612
img_05322.jpg,0.449475,0.057634,0.0345266,0.0222996,0.12247,0.0822822,0.0487904,0.182522
img_05328.jpg,0.449626,0.0575936,0.0344793,0.022252,0.122453,0.0822592,0.0487535,0.182584
img_05336.jpg,0.449903,0.0575293,0.0344082,0.0221895,0.122438,0.0822309,0.0486778,0.182623
img_05341.jpg,0.449701,0.0575695,0.0344632,0.0222408,0.122428,0.0822456,0.0487418,0.18261
img_05349.jpg,0.449897,0.0575253,0.0343896,0.0221783,0.122367,0.0822436,0.0486765,0.182723
img_05359.jpg,0.44992,0.0575218,0.0343973,0.0221808,0.122458,0.0822154,0.0486811,0.182625
img_05378.jpg,0.449478,0.0576093,0.0345179,0.022278,0.12247,0.0822866,0.048784,0.182576
img_05393.jpg,0.449928,0.0575182,0.0343939,0.0221747,0.122421,0.0822212,0.0486744,0.182669
img_05410.jpg,0.449593,0.0576051,0.0345083,0.0222823,0.122487,0.0822659,0.0487595,0.182499
img_05426.jpg,0.449728,0.0575628,0.0344527,0.022244,0.122441,0.0822756,0.0487242,0.182571
img_05433.jpg,0.449788,0.0575481,0.0344217,0.0222043,0.12246,0.0822633,0.0487011,0.182613
img_05434.jpg,0.449738,0.0575813,0.0344568,0.0222457,0.122412,0.0822366,0.0487337,0.182596
img_05438.jpg,0.449847,0.0575297,0.0344244,0.022199,0.122446,0.0822495,0.0486957,0.182608
img_05439.jpg,0.449695,0.0575818,0.0344585,0.0222512,0.122431,0.0822316,0.0487498,0.182601
img_05440.jpg,0.449732,0.0575589,0.0344471,0.0222348,0.122436,0.082245,0.0487334,0.182612
img_05445.jpg,0.449672,0.0575829,0.034472,0.0222537,0.122453,0.0822293,0.0487498,0.182588
img_05454.jpg,0.449733,0.057569,0.0344586,0.0222225,0.122455,0.0822492,0.0487445,0.182568
img_05459.jpg,0.449863,0.0575339,0.0344309,0.0222147,0.122431,0.082218,0.0487041,0.182603
img_05463.jpg,0.449787,0.0575444,0.0344176,0.0221945,0.122468,0.082242,0.0487032,0.182643
img_05471.jpg,0.449869,0.0575273,0.0344032,0.0221812,0.122459,0.0822334,0.0486882,0.182639
img_05475.jpg,0.450029,0.0575103,0.0343818,0.0221579,0.122423,0.0822259,0.0486501,0.182622
img_05479.jpg,0.449946,0.0575121,0.0343909,0.0221745,0.122441,0.0822304,0.0486673,0.182638
img_05488.jpg,0.449813,0.0575508,0.0344357,0.0222115,0.122451,0.0822727,0.0486951,0.18257
img_05489.jpg,0.450058,0.057487,0.0343663,0.0221552,0.122428,0.0822097,0.0486338,0.182662
img_05492.jpg,0.449767,0.0575607,0.0344403,0.0222275,0.122459,0.0822166,0.0487378,0.182591
img_05508.jpg,0.449724,0.057573,0.0344598,0.0222379,0.122465,0.0822084,0.0487264,0.182606
img_05516.jpg,0.449704,0.057572,0.0344446,0.0222175,0.122508,0.0822245,0.0487256,0.182604
img_05520.jpg,0.449558,0.0575963,0.0344833,0.0222508,0.122498,0.0822792,0.0487539,0.182581
img_05525.jpg,0.449651,0.057582,0.0344909,0.022271,0.122458,0.0822662,0.0487427,0.182538
img_05539.jpg,0.449648,0.0575898,0.0344693,0.0222569,0.122452,0.0822599,0.0487537,0.182571
img_05548.jpg,0.449749,0.057566,0.0344478,0.0222256,0.122443,0.0822678,0.0487081,0.182592
img_05558.jpg,0.449808,0.0575568,0.034421,0.022206,0.122474,0.0822343,0.0487028,0.182597
img_05563.jpg,0.449984,0.0575063,0.0343996,0.0221823,0.122403,0.0822205,0.0486661,0.182638
img_05568.jpg,0.449715,0.0575654,0.0344451,0.0222256,0.12245,0.0822888,0.0487102,0.1826
img_05572.jpg,0.449881,0.0575173,0.034405,0.0221884,0.122448,0.0822207,0.0486987,0.18264
img_05580.jpg,0.449775,0.0575538,0.0344273,0.0222001,0.122499,0.0822225,0.0487083,0.182614
img_05584.jpg,0.449838,0.0575482,0.0344128,0.0222157,0.122408,0.0822308,0.0487139,0.182633
img_05587.jpg,0.449772,0.0575717,0.03444,0.0222321,0.122425,0.0822364,0.0487271,0.182596
img_05595.jpg,0.449814,0.0575374,0.0344255,0.022205,0.122446,0.0822416,0.0487035,0.182626
img_05603.jpg,0.449818,0.0575467,0.0344244,0.0222118,0.122413,0.0822281,0.048707,0.182651
img_05612.jpg,0.449714,0.0575772,0.0344527,0.0222439,0.122423,0.0822503,0.0487366,0.182603
img_05613.jpg,0.449774,0.0575547,0.0344197,0.0221976,0.122488,0.0822395,0.0487121,0.182615
img_05615.jpg,0.449662,0.0576007,0.0344742,0.0222697,0.122445,0.0822665,0.0487684,0.182514
img_05623.jpg,0.449956,0.057523,0.0343928,0.0221652,0.122436,0.0822312,0.0486666,0.18263
img_05640.jpg,0.449808,0.0575452,0.0344256,0.0222034,0.122441,0.0822562,0.0487054,0.182615
img_05653.jpg,0.449567,0.0576186,0.0344906,0.0222801,0.122464,0.0822637,0.0487592,0.182557
img_05654.jpg,0.449907,0.0575254,0.0344063,0.0221877,0.122431,0.0822325,0.0486788,0.182631
img_05657.jpg,0.449863,0.0575403,0.034419,0.0222151,0.122437,0.0822053,0.048709,0.182611
img_05672.jpg,0.449596,0.0575907,0.0344766,0.022248,0.122507,0.0822634,0.0487617,0.182556
img_05673.jpg,0.449832,0.0575457,0.0344273,0.0222124,0.122389,0.0822273,0.0487098,0.182656
img_05682.jpg,0.450043,0.0575024,0.0343587,0.0221469,0.122445,0.0821878,0.0486509,0.182665
img_05692.jpg,0.449612,0.057606,0.0344842,0.0222716,0.122474,0.082239,0.0487545,0.182559
img_05718.jpg,0.4498,0.0575527,0.0344272,0.0222029,0.122473,0.0822314,0.0487172,0.182596
img_05719.jpg,0.449799,0.0575528,0.0344441,0.0222343,0.122455,0.0822038,0.0487404,0.182571
img_05721.jpg,0.449568,0.057625,0.0344928,0.0222718,0.12249,0.0822397,0.0487552,0.182558
img_05722.jpg,0.449612,0.0575904,0.0344739,0.0222459,0.122466,0.0822646,0.0487601,0.182587
img_05724.jpg,0.450127,0.0574714,0.0343528,0.022138,0.122405,0.0821924,0.0486416,0.182672
img_05731.jpg,0.449617,0.0575917,0.034485,0.0222659,0.122468,0.0822768,0.0487591,0.182537
img_05735.jpg,0.449841,0.0575391,0.0344104,0.0221911,0.122445,0.0822405,0.048697,0.182635
img_05740.jpg,0.449656,0.0575727,0.0344639,0.0222478,0.122465,0.0822634,0.0487499,0.182582
img_05743.jpg,0.449659,0.0575915,0.0344702,0.0222569,0.122447,0.0822606,0.0487543,0.18256
img_05754.jpg,0.449449,0.0576343,0.0345169,0.0222911,0.122513,0.0822709,0.0487965,0.182528
img_05755.jpg,0.449668,0.0575788,0.0344761,0.0222425,0.122464,0.0822753,0.0487261,0.182569
img_05766.jpg,0.449842,0.0575485,0.0344258,0.0222092,0.122424,0.0822584,0.0486983,0.182594
img_05768.jpg,0.449901,0.0575223,0.0343999,0.0221844,0.122447,0.0822133,0.0486971,0.182635
img_05775.jpg,0.449809,0.0575315,0.0344357,0.0222053,0.122434,0.0822541,0.0486984,0.182632
img_05790.jpg,0.449749,0.0575604,0.0344462,0.0222318,0.122398,0.0822459,0.0487323,0.182636
img_05792.jpg,0.44971,0.0575789,0.0344423,0.022225,0.122461,0.0822677,0.0487203,0.182595
img_05794.jpg,0.449835,0.0575397,0.0344255,0.0222011,0.122445,0.0822515,0.0486919,0.18261
img_05805.jpg,0.449591,0.0575907,0.034498,0.022284,0.122462,0.0822899,0.048768,0.182516
img_05813.jpg,0.44997,0.0575273,0.03439,0.0221792,0.122424,0.0822306,0.048665,0.182613
img_05817.jpg,0.449844,0.0575367,0.0344067,0.022185,0.122463,0.0822337,0.048692,0.182638
img_05824.jpg,0.449353,0.0576362,0.0345556,0.0223205,0.122509,0.0823119,0.0488218,0.182492
img_05828.jpg,0.449944,0.057527,0.0343718,0.0221503,0.12243,0.082233,0.0486607,0.182683
img_05835.jpg,0.449603,0.057581,0.0344758,0.022261,0.122419,0.0822682,0.0487611,0.18263
img_05838.jpg,0.450025,0.0575078,0.0343847,0.0221654,0.12244,0.0822095,0.0486563,0.182611
img_05857.jpg,0.449995,0.0575104,0.0343946,0.022172,0.122449,0.0822151,0.0486582,0.182606
img_05864.jpg,0.449973,0.0575048,0.0343617,0.0221514,0.122414,0.0822247,0.0486531,0.182717
img_05879.jpg,0.449786,0.0575391,0.0344328,0.0222179,0.122462,0.0822688,0.0487023,0.182592
img_05882.jpg,0.449786,0.0575511,0.0344219,0.022203,0.122481,0.0822519,0.0487114,0.182594
img_05896.jpg,0.449681,0.0575677,0.0344639,0.0222399,0.122462,0.0822772,0.0487324,0.182576
img_05908.jpg,0.449864,0.0575263,0.0343856,0.0221836,0.122419,0.0822791,0.0486856,0.182658
img_05915.jpg,0.449544,0.057621,0.0345132,0.0222845,0.122463,0.0822555,0.0487795,0.182539
img_05916.jpg,0.449534,0.0575964,0.0345134,0.0222704,0.122482,0.0822589,0.0487872,0.182557
img_05922.jpg,0.44967,0.0575823,0.0344717,0.0222466,0.122458,0.0822757,0.0487307,0.182565
img_05927.jpg,0.449451,0.0576311,0.034523,0.0222989,0.122475,0.0822935,0.0487919,0.182536
img_05940.jpg,0.449986,0.0575157,0.0343662,0.0221453,0.122424,0.082231,0.0486615,0.18267
img_05948.jpg,0.449571,0.0575999,0.0344799,0.0222579,0.122462,0.0822786,0.0487602,0.182591
img_05950.jpg,0.449663,0.0576003,0.0344749,0.0222682,0.122448,0.0822604,0.0487668,0.182518
img_05953.jpg,0.449723,0.0575572,0.0344412,0.0222238,0.122472,0.082246,0.0487264,0.182611
img_05958.jpg,0.449452,0.0576417,0.0345358,0.0223005,0.122497,0.0822792,0.0487927,0.182501
img_05960.jpg,0.449649,0.0575654,0.0344567,0.0222272,0.122504,0.0822354,0.048733,0.182629
img_05963.jpg,0.44965,0.0575784,0.0344543,0.0222322,0.12249,0.0822675,0.0487289,0.182598
img_05967.jpg,0.449672,0.0575811,0.0344685,0.0222481,0.122416,0.0822852,0.0487498,0.182579
img_05976.jpg,0.449867,0.0575287,0.0344035,0.0221809,0.122463,0.0822346,0.0486887,0.182634
img_05979.jpg,0.449583,0.0576242,0.0345085,0.0222761,0.122479,0.0822726,0.0487649,0.182492
img_05981.jpg,0.449647,0.0576025,0.0344954,0.0222615,0.122461,0.082255,0.0487565,0.182521
img_05989.jpg,0.449719,0.0575727,0.0344583,0.0222404,0.122421,0.0822544,0.0487327,0.182602
img_06001.jpg,0.449998,0.0575023,0.0343772,0.0221663,0.122439,0.0822115,0.0486556,0.18265
img_06003.jpg,0.449693,0.0575678,0.03447,0.0222481,0.122487,0.0822378,0.048745,0.182551
img_06010.jpg,0.449797,0.057548,0.0344216,0.0221956,0.122465,0.0822402,0.0486995,0.182634
img_06021.jpg,0.449743,0.0575637,0.0344462,0.022233,0.122487,0.0822322,0.0487495,0.182545
img_06033.jpg,0.450146,0.05749,0.0343287,0.0221045,0.122403,0.0821776,0.0485968,0.182754
img_06037.jpg,0.449662,0.0575885,0.0344596,0.0222457,0.122463,0.0822712,0.0487465,0.182563
img_06038.jpg,0.449431,0.0576425,0.0345425,0.0223146,0.122474,0.0822929,0.0488033,0.182499
img_06042.jpg,0.449775,0.0575578,0.0344395,0.0222121,0.12247,0.0822375,0.0487191,0.182589
img_06059.jpg,0.449667,0.0575749,0.0344568,0.0222444,0.122478,0.0822913,0.0487371,0.182551
img_06065.jpg,0.449867,0.0575406,0.0344086,0.0221885,0.122463,0.0822294,0.0486875,0.182616
img_06067.jpg,0.449681,0.0575911,0.0344604,0.0222478,0.122481,0.0822467,0.0487616,0.182531
img_06076.jpg,0.449981,0.0575072,0.0343729,0.0221662,0.122413,0.0822407,0.0486643,0.182655
img_06097.jpg,0.449773,0.057561,0.034439,0.0222116,0.122467,0.0822476,0.0487178,0.182582
img_06099.jpg,0.449619,0.0576084,0.0344901,0.0222739,0.122429,0.0822623,0.0487636,0.182554
img_06101.jpg,0.449557,0.0576177,0.0344941,0.022277,0.122491,0.0822507,0.048762,0.182551
img_06103.jpg,0.449428,0.0576205,0.0345391,0.0222975,0.122473,0.0822735,0.0488159,0.182552
img_06137.jpg,0.449827,0.0575484,0.0344339,0.0222138,0.12246,0.082217,0.0487179,0.182582
img_06144.jpg,0.449678,0.0575835,0.0344715,0.0222395,0.122455,0.0822365,0.0487429,0.182593
img_06147.jpg,0.449678,0.057589,0.0344749,0.0222512,0.122432,0.0822509,0.0487459,0.182578
img_06165.jpg,0.449558,0.0575898,0.034492,0.0222807,0.122478,0.0822463,0.0487807,0.182575
img_06174.jpg,0.450031,0.0575024,0.0343873,0.0221717,0.122393,0.0822212,0.0486562,0.182637
img_06186.jpg,0.449999,0.0575138,0.0343905,0.0221707,0.122446,0.082204,0.0486609,0.182615
img_06189.jpg,0.449929,0.0575209,0.0343898,0.0221687,0.122447,0.0822291,0.0486685,0.182647
img_06203.jpg,0.449922,0.0575189,0.0343897,0.0221701,0.122462,0.0822304,0.0486832,0.182624
img_06207.jpg,0.449667,0.0575893,0.0344694,0.0222589,0.122442,0.0822621,0.0487546,0.182556
img_06210.jpg,0.44984,0.0575373,0.034411,0.0221884,0.122462,0.0822364,0.0486947,0.182631
img_06211.jpg,0.449882,0.0575266,0.0344105,0.0221901,0.122453,0.0822334,0.0486915,0.182613
img_06237.jpg,0.449863,0.0575382,0.0344151,0.0222019,0.122405,0.0822251,0.0486953,0.182656
img_06238.jpg,0.449692,0.0575683,0.0344491,0.0222342,0.122468,0.0822509,0.0487345,0.182602
img_06259.jpg,0.449502,0.0576211,0.034513,0.0222882,0.122516,0.0822578,0.0487715,0.182531
img_06261.jpg,0.449654,0.0575891,0.0344535,0.0222319,0.122471,0.0822814,0.0487272,0.182592
img_06268.jpg,0.449763,0.0575917,0.0344449,0.0222334,0.122441,0.0822056,0.0487277,0.182593
img_06272.jpg,0.449563,0.0576072,0.0345041,0.022271,0.12245,0.0822776,0.0487834,0.182544
img_06273.jpg,0.449867,0.0575314,0.0344166,0.0221941,0.122443,0.0822266,0.0486762,0.182645
img_06285.jpg,0.450036,0.0575038,0.0343663,0.0221489,0.122435,0.0821938,0.0486372,0.182679
img_06294.jpg,0.449964,0.057516,0.0343668,0.0221488,0.122422,0.0822285,0.0486678,0.182686
img_06302.jpg,0.449755,0.0575797,0.034451,0.0222392,0.122425,0.0822344,0.0487416,0.182574
img_06311.jpg,0.449794,0.0575222,0.0344371,0.0222148,0.122455,0.0822743,0.048698,0.182605
img_06318.jpg,0.449504,0.0576098,0.0344968,0.022266,0.122497,0.082284,0.0487737,0.182569
img_06321.jpg,0.449777,0.0575502,0.0344192,0.022201,0.122471,0.082231,0.0487181,0.182633
img_06324.jpg,0.449647,0.0575784,0.0344688,0.0222413,0.122491,0.0822524,0.0487403,0.182581
img_06332.jpg,0.449646,0.0575893,0.0344718,0.0222516,0.122445,0.0822809,0.0487656,0.182549
img_06345.jpg,0.449798,0.0575486,0.0344383,0.0222158,0.122454,0.0822531,0.0487157,0.182576
img_06346.jpg,0.449548,0.0576021,0.0344919,0.022258,0.122509,0.0822659,0.0487644,0.18256
img_06349.jpg,0.449531,0.0576172,0.0345129,0.0222726,0.122458,0.0822877,0.0487815,0.18254
img_06368.jpg,0.449758,0.057556,0.0344357,0.0222177,0.122457,0.082262,0.0487269,0.182587
img_06369.jpg,0.450318,0.0574356,0.0342718,0.0220738,0.122411,0.082211,0.0485538,0.182725
img_06371.jpg,0.449559,0.057621,0.0344949,0.022285,0.122453,0.0822704,0.0487718,0.182545
img_06373.jpg,0.449664,0.0575999,0.0344789,0.022252,0.122475,0.0822519,0.0487373,0.182541
img_06401.jpg,0.449776,0.0575646,0.0344491,0.0222259,0.122417,0.0822359,0.0487241,0.182607
img_06412.jpg,0.44973,0.057559,0.0344595,0.0222255,0.122458,0.0822533,0.0487302,0.182584
img_06424.jpg,0.44991,0.0575343,0.0344057,0.0221833,0.122432,0.0822461,0.0486933,0.182596
img_06426.jpg,0.449581,0.0576137,0.0344877,0.0222551,0.122478,0.0822264,0.0487582,0.1826
img_06440.jpg,0.449478,0.0576131,0.0345075,0.0222765,0.122526,0.0822785,0.0487767,0.182544
img_06455.jpg,0.449856,0.0575343,0.0344122,0.0221902,0.122449,0.0822471,0.0486939,0.182617
img_06469.jpg,0.449941,0.0575319,0.0343996,0.0221672,0.122453,0.082203,0.0486694,0.182635
img_06475.jpg,0.449491,0.057628,0.0345127,0.022276,0.122501,0.0822902,0.0487758,0.182526
img_06477.jpg,0.449749,0.0575538,0.0344215,0.0222013,0.12248,0.0822297,0.0487151,0.182649
img_06489.jpg,0.449796,0.0575616,0.0344336,0.0222095,0.122443,0.08227,0.0487035,0.182583
img_06496.jpg,0.449926,0.0575133,0.0343948,0.0221774,0.122445,0.0822347,0.0486773,0.182632
img_06506.jpg,0.44995,0.0575456,0.0343948,0.0221847,0.122418,0.082235,0.048678,0.182594
img_06508.jpg,0.449779,0.0575756,0.0344549,0.0222249,0.122451,0.0822517,0.0487141,0.18255
img_06510.jpg,0.449454,0.057625,0.0345186,0.0222937,0.122477,0.0822756,0.0488108,0.182546
img_06521.jpg,0.449843,0.0575554,0.0344204,0.0221947,0.12246,0.0822179,0.0486981,0.18261
img_06522.jpg,0.449792,0.0575612,0.0344408,0.0222055,0.12247,0.0822347,0.0487013,0.182595
img_06525.jpg,0.449796,0.0575484,0.0344178,0.0222122,0.122417,0.0822298,0.048715,0.182664
img_06541.jpg,0.449653,0.0575757,0.0344831,0.0222399,0.122459,0.0822584,0.048748,0.182583
img_06547.jpg,0.449457,0.0576409,0.034533,0.0223024,0.122445,0.0822781,0.0488017,0.182542
img_06549.jpg,0.449934,0.0575391,0.0344099,0.0221934,0.122442,0.0822276,0.0486742,0.18258
img_06555.jpg,0.449668,0.0575798,0.0344653,0.0222513,0.122407,0.0822634,0.0487508,0.182614
img_06559.jpg,0.449848,0.057552,0.034422,0.0222065,0.122413,0.0822412,0.0486895,0.182628
img_06564.jpg,0.449681,0.0575666,0.0344607,0.0222409,0.122454,0.082282,0.0487296,0.182586
img_06571.jpg,0.449919,0.0575125,0.0344037,0.0221757,0.122425,0.0822283,0.0486794,0.182656
img_06585.jpg,0.449896,0.057535,0.0344177,0.022192,0.122419,0.0822286,0.0486906,0.182621
img_06608.jpg,0.449767,0.0575656,0.0344626,0.0222436,0.122427,0.0822366,0.0487417,0.182557
img_06611.jpg,0.44976,0.0575597,0.034439,0.0222287,0.122453,0.0822126,0.0487453,0.182602
img_06614.jpg,0.449722,0.0575781,0.0344569,0.0222418,0.122453,0.0822261,0.0487469,0.182574
img_06616.jpg,0.449834,0.057537,0.034406,0.0221898,0.122465,0.0822521,0.0486851,0.182631
img_06630.jpg,0.449709,0.0575567,0.0344374,0.0222103,0.122498,0.0822323,0.0487149,0.182641
img_06637.jpg,0.449358,0.0576682,0.0345609,0.0223477,0.122501,0.0823213,0.0488275,0.182416
img_06642.jpg,0.449765,0.0575544,0.0344223,0.0222069,0.122475,0.0822413,0.0487167,0.182619
img_06646.jpg,0.449872,0.0575383,0.034419,0.0222143,0.122435,0.0822004,0.0487076,0.182613
img_06658.jpg,0.449817,0.0575448,0.0344179,0.0221932,0.122469,0.0822367,0.0487019,0.182619
img_06662.jpg,0.449743,0.0575773,0.0344506,0.0222303,0.122414,0.0822351,0.04873,0.18262
img_06663.jpg,0.449748,0.0575554,0.0344497,0.0222421,0.12244,0.0822736,0.0487193,0.182572
img_06673.jpg,0.4496,0.0575981,0.0344882,0.0222557,0.122499,0.0822867,0.0487374,0.182535
img_06681.jpg,0.449681,0.0575823,0.0344717,0.0222468,0.122455,0.0822991,0.0487256,0.182538
img_06684.jpg,0.44992,0.0575178,0.0344117,0.0221841,0.122458,0.0822296,0.0486806,0.182598
img_06685.jpg,0.449642,0.0575993,0.0345027,0.0222668,0.122457,0.0822026,0.0487841,0.182546
img_06690.jpg,0.449592,0.0576146,0.0344901,0.022273,0.122493,0.0822249,0.0487604,0.182552
img_06698.jpg,0.449821,0.0575455,0.0344178,0.0222011,0.122456,0.0822578,0.0486976,0.182604
img_06732.jpg,0.449727,0.0575723,0.0344527,0.0222414,0.122432,0.0822577,0.0487313,0.182585
img_06734.jpg,0.449831,0.0575431,0.0344306,0.0222157,0.122436,0.0822195,0.0487145,0.18261
img_06748.jpg,0.449812,0.0575488,0.0344414,0.0222163,0.122455,0.0822169,0.0487153,0.182594
img_06756.jpg,0.449711,0.0575885,0.0344657,0.0222523,0.122437,0.0822248,0.048748,0.182573
img_06780.jpg,0.449721,0.0575591,0.0344366,0.0222099,0.12248,0.082233,0.0487134,0.182647
img_06783.jpg,0.449982,0.0575111,0.0343756,0.0221531,0.122453,0.0822167,0.0486586,0.18265
img_06798.jpg,0.449959,0.0575135,0.0344046,0.0221835,0.122411,0.0822269,0.0486687,0.182633
img_06800.jpg,0.449642,0.0575893,0.0344675,0.0222556,0.122411,0.0822692,0.0487504,0.182615
img_06806.jpg,0.449619,0.0576117,0.0344732,0.0222539,0.122463,0.0822627,0.0487391,0.182577
img_06807.jpg,0.449567,0.0575986,0.0344888,0.0222701,0.12247,0.0822954,0.0487753,0.182535
img_06808.jpg,0.449575,0.0575816,0.0344917,0.0222781,0.122468,0.0822691,0.0487756,0.182561
img_06812.jpg,0.449961,0.0575467,0.0343887,0.0221816,0.122393,0.082241,0.048669,0.182619
img_06831.jpg,0.449915,0.0575212,0.034396,0.0221888,0.122434,0.0822031,0.0486932,0.182648
img_06832.jpg,0.449725,0.0575886,0.0344582,0.022248,0.12243,0.0822369,0.04875,0.182563
img_06845.jpg,0.449714,0.0575706,0.0344656,0.022233,0.122458,0.0822626,0.0487294,0.182567
img_06849.jpg,0.449691,0.057589,0.0344587,0.0222368,0.122455,0.0822539,0.0487433,0.182572
img_06851.jpg,0.44968,0.0575866,0.0344547,0.0222352,0.122478,0.0822479,0.048735,0.182583
img_06859.jpg,0.449635,0.0575808,0.0344653,0.02224,0.122472,0.0822876,0.0487494,0.18257
img_06860.jpg,0.449972,0.0575238,0.0344071,0.0221896,0.12243,0.0822389,0.0486743,0.182564
img_06870.jpg,0.449842,0.0575298,0.0344086,0.0221972,0.122449,0.0822183,0.0487052,0.182649
img_06892.jpg,0.449817,0.057546,0.0344303,0.0222142,0.122398,0.0822369,0.0487126,0.182645
img_06893.jpg,0.449777,0.0575562,0.0344181,0.0221987,0.122476,0.0822614,0.0486893,0.182623
img_06899.jpg,0.449585,0.0576072,0.0344867,0.0222741,0.12246,0.0822843,0.0487741,0.182529
img_06902.jpg,0.449616,0.0575978,0.0345145,0.0222581,0.122459,0.0822759,0.0487526,0.182526
img_06909.jpg,0.449954,0.0575323,0.0343954,0.0221603,0.122457,0.082197,0.0486607,0.182643
img_06914.jpg,0.450018,0.0575102,0.0343803,0.0221601,0.122421,0.0822192,0.0486523,0.182639
img_06916.jpg,0.449701,0.0575827,0.0344684,0.0222431,0.122454,0.0822697,0.0487237,0.182558
img_06921.jpg,0.449466,0.0576257,0.0345381,0.0222966,0.122479,0.0822982,0.0487929,0.182504
img_06922.jpg,0.449682,0.0575852,0.0344617,0.0222441,0.12248,0.0822523,0.0487383,0.182556
img_06936.jpg,0.449702,0.0575734,0.0344705,0.0222509,0.12244,0.0822722,0.0487406,0.18255
img_06939.jpg,0.449704,0.0575789,0.0344446,0.0222144,0.122494,0.0822176,0.048724,0.182622
img_06946.jpg,0.449775,0.0575664,0.0344358,0.0222118,0.122453,0.0822524,0.0487052,0.182601
img_06947.jpg,0.449568,0.0576056,0.0345005,0.0222723,0.122439,0.0822862,0.0487852,0.182543
img_06955.jpg,0.449704,0.0575742,0.0344495,0.022243,0.122415,0.0822543,0.048741,0.182619
img_06959.jpg,0.44983,0.0575454,0.034419,0.0222005,0.122426,0.0822568,0.0486976,0.182625
img_06962.jpg,0.449642,0.0575871,0.0344633,0.022245,0.122473,0.0822675,0.0487457,0.182576
img_06966.jpg,0.449818,0.0575399,0.0344135,0.0221939,0.122463,0.0822169,0.0487069,0.182648
img_06975.jpg,0.449724,0.0575627,0.0344388,0.0222149,0.122477,0.0822477,0.0487178,0.182616
img_06985.jpg,0.449713,0.0575712,0.0344588,0.0222446,0.12242,0.0822577,0.0487467,0.182588
img_06986.jpg,0.449687,0.0575774,0.0344468,0.022241,0.122433,0.0822782,0.0487265,0.18261
img_07005.jpg,0.449775,0.057559,0.0344526,0.0222267,0.12244,0.0822556,0.0487033,0.182588
img_07023.jpg,0.449807,0.0575392,0.0344273,0.0221967,0.122447,0.0822367,0.0486973,0.182649
img_07043.jpg,0.449872,0.0575672,0.0344385,0.0222085,0.122454,0.0822061,0.0487119,0.182542
img_07044.jpg,0.449604,0.0576002,0.0344892,0.0222744,0.12241,0.0822894,0.0487854,0.182547
img_07045.jpg,0.449623,0.057582,0.0344941,0.022255,0.122447,0.0822501,0.0487759,0.182573
img_07050.jpg,0.449725,0.0575578,0.0344519,0.0222439,0.122439,0.08228,0.0487214,0.18258
img_07051.jpg,0.449916,0.0575245,0.0343933,0.0221711,0.122433,0.0822149,0.0486723,0.182675
img_07054.jpg,0.449839,0.0575488,0.0344135,0.0222041,0.122403,0.0822304,0.0486977,0.182663
img_07060.jpg,0.449706,0.057558,0.0344391,0.0222098,0.122487,0.0822427,0.0487284,0.182628
img_07062.jpg,0.44966,0.0575727,0.0344692,0.0222556,0.122487,0.0822731,0.0487554,0.182528
img_07065.jpg,0.449792,0.0575569,0.0344293,0.0222002,0.122479,0.082233,0.0487172,0.182593
img_07068.jpg,0.449735,0.0575612,0.0344567,0.0222214,0.122479,0.0822376,0.0487386,0.182571
img_07079.jpg,0.449426,0.0576337,0.0345322,0.0223145,0.12247,0.0823436,0.0487932,0.182488
img_07084.jpg,0.450016,0.057515,0.0343614,0.0221483,0.122416,0.0822163,0.0486324,0.182694
img_07086.jpg,0.449777,0.0575571,0.0344245,0.0222009,0.122463,0.0822441,0.0487071,0.182627
img_07094.jpg,0.449791,0.0575623,0.0344433,0.0222258,0.122441,0.0822194,0.0487014,0.182616
img_07103.jpg,0.449723,0.0575721,0.034465,0.0222471,0.122438,0.0822704,0.0487378,0.182547
img_07110.jpg,0.449708,0.0575746,0.0344665,0.0222369,0.122416,0.0822365,0.0487482,0.182613
img_07120.jpg,0.44982,0.0575541,0.0344326,0.0222157,0.122422,0.0822314,0.0487225,0.182602
img_07122.jpg,0.449931,0.0575128,0.0343924,0.0221781,0.122444,0.0822236,0.0486779,0.18264
img_07137.jpg,0.449675,0.0575806,0.0344932,0.0222529,0.122467,0.0822354,0.0487492,0.182546
img_07143.jpg,0.449811,0.0575521,0.0344341,0.0222103,0.122462,0.0822532,0.0487092,0.182568
img_07146.jpg,0.449846,0.0575451,0.0344172,0.0222006,0.122449,0.0822668,0.0486969,0.182579
img_07147.jpg,0.449577,0.0576112,0.0344788,0.0222599,0.122438,0.0822986,0.0487618,0.182574
img_07149.jpg,0.449433,0.0576358,0.0345401,0.02231,0.122474,0.0822796,0.0488061,0.182522
img_07156.jpg,0.449737,0.0575522,0.0344452,0.0222288,0.122456,0.0822879,0.0487118,0.182581
img_07157.jpg,0.449604,0.0575915,0.0344827,0.0222736,0.122431,0.0822735,0.0487556,0.182588
img_07160.jpg,0.449876,0.0575308,0.0344158,0.0221975,0.122441,0.0822508,0.0486918,0.182596
img_07173.jpg,0.449808,0.0575544,0.0344363,0.0222095,0.122438,0.0822437,0.0487057,0.182604
img_07179.jpg,0.449732,0.0575544,0.0344346,0.0222257,0.122469,0.0822742,0.0487143,0.182595
img_07183.jpg,0.449663,0.0575777,0.0344598,0.0222319,0.122486,0.0822635,0.0487512,0.182567
img_07187.jpg,0.449687,0.057567,0.0344647,0.0222398,0.122434,0.0822555,0.0487338,0.182617
img_07188.jpg,0.449831,0.0575598,0.0344355,0.0222156,0.122401,0.0822484,0.0486808,0.182628
img_07191.jpg,0.449727,0.0575636,0.0344512,0.0222256,0.122453,0.0822563,0.0487401,0.182583
img_07192.jpg,0.449888,0.0575394,0.0344084,0.0221967,0.12242,0.082253,0.048702,0.182592
img_07199.jpg,0.449648,0.057588,0.0344803,0.0222542,0.122422,0.0822636,0.0487619,0.182582
img_07213.jpg,0.449721,0.057564,0.0344479,0.0222245,0.122456,0.0822701,0.0487312,0.182585
img_07224.jpg,0.449699,0.0575747,0.0344469,0.0222378,0.122471,0.0822752,0.0487263,0.18257
img_07231.jpg,0.449686,0.0575736,0.0344493,0.0222328,0.122455,0.0822563,0.0487319,0.182614
img_07237.jpg,0.449957,0.0575103,0.0344069,0.0221846,0.122422,0.0822272,0.0486665,0.182626
img_07251.jpg,0.449824,0.0575576,0.0344239,0.0221961,0.122444,0.0822379,0.048702,0.182614
img_07270.jpg,0.44966,0.0575659,0.0344741,0.0222569,0.122418,0.0822059,0.0487904,0.182629
img_07278.jpg,0.449809,0.0575441,0.0344403,0.0222194,0.122449,0.0822475,0.0487062,0.182585
img_07304.jpg,0.449754,0.0575647,0.0344573,0.0222383,0.122414,0.0822319,0.0487371,0.182603
img_07314.jpg,0.449559,0.0576172,0.0345121,0.022293,0.122479,0.0822695,0.0487746,0.182496
img_07318.jpg,0.449481,0.057636,0.0345303,0.0222991,0.122491,0.0822811,0.0487892,0.182492
img_07319.jpg,0.449828,0.0575564,0.0344258,0.0221983,0.122469,0.0822245,0.0487,0.182598
img_07330.jpg,0.449807,0.057556,0.0344232,0.0221972,0.122467,0.0822393,0.0487007,0.18261
img_07348.jpg,0.449738,0.05756,0.0344631,0.0222475,0.122466,0.0822539,0.0487389,0.182532
img_07352.jpg,0.449709,0.0575722,0.0344641,0.0222458,0.122456,0.0822453,0.0487336,0.182574
img_07354.jpg,0.449649,0.0575948,0.0344759,0.0222507,0.122449,0.082265,0.0487357,0.182579
img_07371.jpg,0.44956,0.0576192,0.034509,0.0222861,0.122457,0.0822629,0.0487823,0.182523
img_07375.jpg,0.449833,0.0575359,0.0344162,0.0221978,0.122457,0.0822574,0.0486971,0.182606
img_07409.jpg,0.449702,0.0575752,0.0344683,0.0222434,0.122417,0.0822522,0.0487414,0.1826
img_07417.jpg,0.449551,0.057598,0.0345012,0.0222828,0.122483,0.0822682,0.0487669,0.182549
img_07419.jpg,0.449535,0.0576199,0.0345168,0.0222849,0.122465,0.0822629,0.0487751,0.18254
img_07420.jpg,0.449673,0.0575671,0.0344628,0.0222434,0.122462,0.0822709,0.048735,0.182586
img_07426.jpg,0.449684,0.0575723,0.0344508,0.0222368,0.122424,0.0822552,0.0487477,0.182629
img_07428.jpg,0.449659,0.0575802,0.0344781,0.022246,0.122465,0.0822835,0.0487246,0.182564
img_07434.jpg,0.449768,0.0575728,0.0344448,0.0222484,0.122419,0.0822454,0.0487269,0.182575
img_07436.jpg,0.449678,0.0575855,0.034458,0.0222358,0.122471,0.0822509,0.0487369,0.182584
img_07448.jpg,0.449688,0.0575815,0.0344709,0.022247,0.122418,0.0822597,0.0487486,0.182587
img_07460.jpg,0.449833,0.0575468,0.034423,0.0222116,0.12241,0.0822307,0.0487066,0.182638
img_07467.jpg,0.449695,0.0575764,0.0344715,0.0222528,0.122445,0.0822762,0.0487402,0.182543
img_07469.jpg,0.449569,0.0576223,0.0344945,0.022277,0.122488,0.0822484,0.0487643,0.182537
img_07474.jpg,0.449744,0.0575629,0.034463,0.0222447,0.122425,0.082233,0.048736,0.182592
img_07501.jpg,0.449729,0.057576,0.0344558,0.0222572,0.122438,0.0822628,0.0487289,0.182552
img_07505.jpg,0.449395,0.0576274,0.0345416,0.0223005,0.122483,0.082301,0.0488156,0.182537
img_07508.jpg,0.449609,0.0575918,0.0344765,0.0222574,0.122459,0.0822839,0.0487675,0.182554
img_07514.jpg,0.449672,0.057596,0.0344853,0.022253,0.12246,0.0822503,0.0487497,0.182534
img_07526.jpg,0.449365,0.0576315,0.0345419,0.0223232,0.12248,0.0823201,0.0488019,0.182536
img_07528.jpg,0.449918,0.0575259,0.0343724,0.0221553,0.122424,0.0822439,0.0486707,0.18269
img_07538.jpg,0.449711,0.0575722,0.0344514,0.0222321,0.12247,0.0822531,0.0487269,0.182583
img_07543.jpg,0.449812,0.0575476,0.0344332,0.0222103,0.122447,0.0822672,0.048706,0.182577
img_07553.jpg,0.449856,0.0575325,0.0344181,0.0221946,0.122437,0.0822453,0.0486946,0.182622
img_07561.jpg,0.449886,0.0575267,0.0344063,0.0221852,0.122439,0.0822313,0.0486932,0.182632
img_07563.jpg,0.449728,0.0575593,0.0344497,0.0222118,0.122481,0.0822404,0.0487284,0.182601
img_07574.jpg,0.449891,0.0575348,0.0344011,0.022183,0.122438,0.0822442,0.0486969,0.182611
img_07578.jpg,0.449733,0.057565,0.0344569,0.0222373,0.122469,0.0822148,0.0487405,0.182584
img_07580.jpg,0.449775,0.0575634,0.0344336,0.0222044,0.12248,0.0822341,0.0487195,0.18259
img_07583.jpg,0.449864,0.057535,0.0344106,0.0221994,0.12243,0.0822265,0.0486993,0.182635
img_07590.jpg,0.449708,0.0575635,0.0344457,0.0222251,0.122471,0.0822522,0.0487313,0.182604
img_07594.jpg,0.449867,0.0575311,0.0344054,0.0221901,0.122457,0.0822245,0.0486989,0.182626
img_07616.jpg,0.44956,0.0575987,0.0344881,0.0222743,0.122433,0.0822639,0.0487719,0.18261
img_07621.jpg,0.449865,0.0575481,0.0344101,0.0221855,0.12246,0.0822247,0.0486789,0.182628
img_07623.jpg,0.449897,0.0575215,0.0344012,0.0221839,0.122381,0.0822306,0.0486966,0.182688
img_07628.jpg,0.449613,0.0575959,0.0344838,0.0222522,0.12247,0.0822058,0.04878,0.182599
img_07659.jpg,0.449694,0.0575884,0.0344479,0.0222333,0.122482,0.082256,0.0487233,0.182576
img_07663.jpg,0.449757,0.0575655,0.0344517,0.0222269,0.122434,0.0822576,0.0487112,0.182596
img_07678.jpg,0.449771,0.057575,0.0344399,0.0222335,0.122411,0.0822292,0.0487267,0.182614
img_07689.jpg,0.449741,0.0575626,0.0344507,0.0222435,0.122446,0.0822696,0.0487205,0.182567
img_07700.jpg,0.449738,0.0575551,0.0344368,0.0222185,0.122462,0.082269,0.0487351,0.182585
img_07717.jpg,0.449812,0.0575453,0.034437,0.0222169,0.122428,0.0822433,0.0487118,0.182605
img_07746.jpg,0.449403,0.0576476,0.0345318,0.0223009,0.122512,0.0822777,0.0488165,0.182511
img_07757.jpg,0.449868,0.0575395,0.0344207,0.0222153,0.122436,0.0822039,0.0487077,0.182609
img_07792.jpg,0.449912,0.0575209,0.0343959,0.0221716,0.122454,0.0822299,0.0486756,0.18264
img_07799.jpg,0.449562,0.0575978,0.0344964,0.0222726,0.122424,0.0822814,0.0487723,0.182593
img_07818.jpg,0.44972,0.0575714,0.0344648,0.0222472,0.122437,0.0822706,0.0487342,0.182555
img_07833.jpg,0.449796,0.0575477,0.0344535,0.0222213,0.122463,0.0822292,0.0487203,0.182569
img_07859.jpg,0.449581,0.0575946,0.0344964,0.0222503,0.12245,0.0822932,0.0487614,0.182574
img_07872.jpg,0.449845,0.0575405,0.0344313,0.0222276,0.122437,0.0822127,0.0487157,0.182591
img_07893.jpg,0.449899,0.057521,0.0343935,0.0221746,0.122449,0.0822332,0.0486774,0.182652
img_07895.jpg,0.449657,0.0576009,0.0344766,0.0222715,0.122441,0.0822676,0.04877,0.182515
img_07905.jpg,0.449763,0.0575495,0.034429,0.0222102,0.122467,0.0822421,0.0487208,0.182618
img_07906.jpg,0.449549,0.0576222,0.0345099,0.0222893,0.122473,0.0822503,0.0487774,0.182529
img_07908.jpg,0.449955,0.0575174,0.0343981,0.0221734,0.122442,0.0822371,0.0486709,0.182606
img_07910.jpg,0.449708,0.0575781,0.0344567,0.0222537,0.122444,0.0822642,0.0487461,0.18255
img_07921.jpg,0.449593,0.0575953,0.0344801,0.0222511,0.122513,0.0822684,0.048764,0.182535
